{"type":"FeatureCollection","attribution":{"source":"Dubai Land Department transaction register and community boundaries, via Dubai Pulse open data","licence":"UAE Federal Open Data Licence","derived":"Aggregated medians and counts computed by Property Desk (propertydeskdubai.com). Not an official Dubai Government publication and not endorsed by it."},"features":[{"type":"Feature","id":914,"properties":{"id":"914","name":"Madinat Hind 4","official":"MADINAT HIND 4","psf_12m":1047,"growth_12m":-14.5,"sales_12m":1541,"offplan_12m":4,"financed_12m":99,"psf_3y":1153,"growth_3y":39.5,"sales_3y":10257,"offplan_3y":18,"financed_3y":40,"psf_5y":1125,"growth_5y":19.6,"sales_5y":11571,"offplan_5y":16,"financed_5y":38,"psf_10y":1122,"growth_10y":-6.8,"sales_10y":11954,"offplan_10y":19,"financed_10y":37},"geometry":{"type":"Polygon","coordinates":[[[55.3648,24.9643],[55.3634,24.964],[55.3593,24.9737],[55.3534,24.9828],[55.3477,24.9891],[55.3395,24.9963],[55.3355,25.0014],[55.3167,25.0386],[55.3142,25.0421],[55.335,25.0504],[55.3895,25.051],[55.3982,25.0493],[55.3999,25.0521],[55.4039,25.0559],[55.4077,25.0524],[55.4093,25.05],[55.4099,25.0473],[55.4098,25.045],[55.4067,25.0343],[55.407,25.0042],[55.4061,25.0025],[55.4011,24.9972],[55.3998,24.9947],[55.3994,24.9907],[55.4009,24.9869],[55.3939,24.9836],[55.3896,24.9806],[55.3756,24.9686],[55.3692,24.9655],[55.3648,24.9643]]]}},{"type":"Feature","id":646,"properties":{"id":"646","name":"Wadi Al Safa 4","official":"WADI AL SAFA 4","psf_12m":1734,"growth_12m":-4.1,"sales_12m":4023,"offplan_12m":98,"financed_12m":1,"psf_3y":1740,"growth_3y":109.9,"sales_3y":7288,"offplan_3y":99,"financed_3y":1,"psf_5y":1740,"growth_5y":168.5,"sales_5y":7301,"offplan_5y":98,"financed_5y":1,"psf_10y":1739,"growth_10y":110.2,"sales_10y":7340,"offplan_10y":98,"financed_10y":1},"geometry":{"type":"Polygon","coordinates":[[[55.3351,25.0828],[55.3374,25.0795],[55.3012,25.0583],[55.2973,25.0627],[55.2957,25.0659],[55.3309,25.0979],[55.3339,25.0892],[55.3332,25.0844],[55.3351,25.0828]]]}},{"type":"Feature","id":394,"properties":{"id":"394","name":"Al Thanyah  Fourth","official":"AL THANYAH  FOURTH","psf_12m":1707,"growth_12m":12.7,"sales_12m":526,"offplan_12m":0,"financed_12m":125,"psf_3y":1457,"growth_3y":71.9,"sales_3y":1899,"offplan_3y":0,"financed_3y":107,"psf_5y":1207,"growth_5y":79,"sales_5y":3232,"offplan_5y":0,"financed_5y":101,"psf_10y":925,"growth_10y":120.9,"sales_10y":5511,"offplan_10y":0,"financed_10y":104},"geometry":{"type":"Polygon","coordinates":[[[55.1982,25.0641],[55.176,25.0391],[55.1696,25.0439],[55.1714,25.0458],[55.1721,25.0476],[55.1714,25.0517],[55.1654,25.0556],[55.1464,25.0708],[55.1508,25.0751],[55.1595,25.0781],[55.1627,25.0753],[55.1689,25.0755],[55.175,25.0762],[55.1773,25.0773],[55.1786,25.0794],[55.1982,25.0641]]]}},{"type":"Feature","id":616,"properties":{"id":"616","name":"Nadd Al Shiba Third","official":"NADD AL SHIBA THIRD","psf_12m":983,"growth_12m":16.4,"sales_12m":25,"offplan_12m":0,"financed_12m":488,"psf_3y":816,"growth_3y":56.1,"sales_3y":118,"offplan_3y":0,"financed_3y":372,"psf_5y":559,"growth_5y":17.3,"sales_5y":473,"offplan_5y":0,"financed_5y":220,"psf_10y":518,"growth_10y":130.3,"sales_10y":1389,"offplan_10y":0,"financed_10y":164},"geometry":{"type":"Polygon","coordinates":[[[55.3719,25.1671],[55.385,25.1635],[55.3911,25.1605],[55.382,25.1387],[55.3683,25.1442],[55.3615,25.1514],[55.3659,25.168],[55.3719,25.1671]]]}},{"type":"Feature","id":116,"properties":{"id":"116","name":"Ayal Nasir","official":"AYAL NASIR","psf_12m":null,"growth_12m":100.9,"sales_12m":8,"offplan_12m":null,"financed_12m":null,"psf_3y":null,"growth_3y":-25.1,"sales_3y":16,"offplan_3y":null,"financed_3y":null,"psf_5y":2709,"growth_5y":-1.1,"sales_5y":28,"offplan_5y":0,"financed_5y":57,"psf_10y":2738,"growth_10y":-7.2,"sales_10y":43,"offplan_10y":0,"financed_10y":91},"geometry":{"type":"Polygon","coordinates":[[[55.3063,25.274],[55.3065,25.2735],[55.3024,25.2715],[55.3016,25.2752],[55.3048,25.2769],[55.3063,25.274]]]}},{"type":"Feature","id":811,"properties":{"id":"811","name":"Warsan Third","official":"WARSAN THIRD","psf_12m":260,"growth_12m":0,"sales_12m":69,"offplan_12m":0,"financed_12m":3,"psf_3y":260,"growth_3y":119,"sales_3y":260,"offplan_3y":0,"financed_3y":2,"psf_5y":260,"growth_5y":141,"sales_5y":260,"offplan_5y":0,"financed_5y":2,"psf_10y":260,"growth_10y":-80.3,"sales_10y":264,"offplan_10y":0,"financed_10y":3},"geometry":{"type":"Polygon","coordinates":[[[55.4921,25.1645],[55.4955,25.1644],[55.4894,25.1581],[55.4669,25.1402],[55.4374,25.14],[55.4308,25.1418],[55.4568,25.161],[55.4585,25.1631],[55.4601,25.168],[55.4759,25.1652],[55.4921,25.1645]]]}},{"type":"Feature","id":281,"properties":{"id":"281","name":"Al Khwaneej First","official":"AL KHWANEEJ FIRST","psf_12m":594,"growth_12m":70.8,"sales_12m":41,"offplan_12m":0,"financed_12m":224,"psf_3y":528,"growth_3y":46.3,"sales_3y":104,"offplan_3y":0,"financed_3y":275,"psf_5y":402,"growth_5y":27.7,"sales_5y":175,"offplan_5y":0,"financed_5y":271,"psf_10y":325,"growth_10y":59.2,"sales_10y":528,"offplan_10y":0,"financed_10y":162},"geometry":{"type":"Polygon","coordinates":[[[55.5122,25.2547],[55.5034,25.2303],[55.5036,25.223],[55.4649,25.2286],[55.4687,25.2474],[55.4694,25.2552],[55.4726,25.2697],[55.5122,25.2547]]]}},{"type":"Feature","id":415,"properties":{"id":"415","name":"Al Kheeran First","official":"AL KHEERAN FIRST","psf_12m":2563,"growth_12m":5.9,"sales_12m":4037,"offplan_12m":67,"financed_12m":22,"psf_3y":2429,"growth_3y":27.1,"sales_3y":11526,"offplan_3y":64,"financed_3y":21,"psf_5y":2248,"growth_5y":50.6,"sales_5y":19826,"offplan_5y":68,"financed_5y":16,"psf_10y":2121,"growth_10y":51.4,"sales_10y":25042,"offplan_10y":74,"financed_10y":14},"geometry":{"type":"Polygon","coordinates":[[[55.3412,25.2052],[55.3406,25.2057],[55.3424,25.2098],[55.3419,25.2103],[55.3424,25.2108],[55.3465,25.2111],[55.3741,25.204],[55.3735,25.2019],[55.3754,25.2008],[55.3708,25.1849],[55.3641,25.1859],[55.3465,25.1854],[55.3458,25.1991],[55.34,25.2012],[55.3393,25.2026],[55.3403,25.2048],[55.3412,25.2052]]]}},{"type":"Feature","id":516,"properties":{"id":"516","name":"Jabal Ali Industrial Third","official":"JABAL ALI INDUSTRIAL THIRD","psf_12m":null,"growth_12m":null,"sales_12m":null,"offplan_12m":null,"financed_12m":null,"psf_3y":null,"growth_3y":63.3,"sales_3y":1,"offplan_3y":null,"financed_3y":null,"psf_5y":null,"growth_5y":-2.9,"sales_5y":5,"offplan_5y":null,"financed_5y":null,"psf_10y":null,"growth_10y":51.8,"sales_10y":13,"offplan_10y":null,"financed_10y":null},"geometry":{"type":"Polygon","coordinates":[[[55.1039,24.9196],[55.0608,24.8918],[55.0548,24.8964],[55.0282,24.9112],[55.0209,24.9168],[55.0102,24.9291],[55.0624,24.947],[55.0664,24.9431],[55.1039,24.9196]]]}},{"type":"Feature","id":521,"properties":{"id":"521","name":"Dubai South","official":"MADINAT AL MATAAR","psf_12m":1638,"growth_12m":4.3,"sales_12m":16393,"offplan_12m":90,"financed_12m":8,"psf_3y":1584,"growth_3y":128.4,"sales_3y":32030,"offplan_3y":83,"financed_3y":11,"psf_5y":1518,"growth_5y":110.2,"sales_5y":36046,"offplan_5y":80,"financed_5y":11,"psf_10y":1406,"growth_10y":-0.7,"sales_10y":41778,"offplan_10y":81,"financed_10y":11},"geometry":{"type":"Polygon","coordinates":[[[55.182,24.9644],[55.2043,24.9597],[55.2161,24.9556],[55.2292,24.9548],[55.2344,24.9538],[55.2286,24.9341],[55.2223,24.92],[55.2139,24.9056],[55.203,24.8904],[55.19,24.8751],[55.1762,24.8612],[55.1622,24.8492],[55.1488,24.8391],[55.1288,24.826],[55.0722,24.8991],[55.1039,24.9196],[55.1118,24.9258],[55.1193,24.9332],[55.1271,24.9427],[55.1337,24.9531],[55.1388,24.9641],[55.1423,24.975],[55.1609,24.9691],[55.182,24.9644]]]}},{"type":"Feature","id":365,"properties":{"id":"365","name":"Al Qouz Industrial Second","official":"AL QOUZ IND.SECOND","psf_12m":null,"growth_12m":null,"sales_12m":1,"offplan_12m":null,"financed_12m":null,"psf_3y":null,"growth_3y":30,"sales_3y":4,"offplan_3y":null,"financed_3y":null,"psf_5y":null,"growth_5y":-4.8,"sales_5y":5,"offplan_5y":null,"financed_5y":null,"psf_10y":null,"growth_10y":27.1,"sales_10y":14,"offplan_10y":null,"financed_10y":null},"geometry":{"type":"Polygon","coordinates":[[[55.254,25.1442],[55.2611,25.1444],[55.2603,25.1386],[55.2563,25.1289],[55.2484,25.1194],[55.2325,25.13],[55.2469,25.1479],[55.2511,25.1452],[55.254,25.1442]]]}},{"type":"Feature","id":215,"properties":{"id":"215","name":"Umm Ramool","official":"UMM RAMOOL","psf_12m":null,"growth_12m":-30.9,"sales_12m":3,"offplan_12m":null,"financed_12m":null,"psf_3y":null,"growth_3y":-1.9,"sales_3y":6,"offplan_3y":null,"financed_3y":null,"psf_5y":null,"growth_5y":-3.3,"sales_5y":12,"offplan_5y":null,"financed_5y":null,"psf_10y":null,"growth_10y":-2.2,"sales_10y":20,"offplan_10y":null,"financed_10y":null},"geometry":{"type":"Polygon","coordinates":[[[55.3767,25.2376],[55.3778,25.2371],[55.3778,25.231],[55.376,25.2175],[55.3564,25.2274],[55.3532,25.23],[55.369,25.2413],[55.3767,25.2376]]]}},{"type":"Feature","id":424,"properties":{"id":"424","name":"Al Warqa'A Fourth","official":"AL WARQA'A FOURTH","psf_12m":null,"growth_12m":36.4,"sales_12m":8,"offplan_12m":null,"financed_12m":null,"psf_3y":319,"growth_3y":31.1,"sales_3y":24,"offplan_3y":0,"financed_3y":1296,"psf_5y":316,"growth_5y":-12.7,"sales_5y":27,"offplan_5y":0,"financed_5y":1774,"psf_10y":321,"growth_10y":69.4,"sales_10y":39,"offplan_10y":0,"financed_10y":2018},"geometry":{"type":"Polygon","coordinates":[[[55.4402,25.2019],[55.4452,25.1962],[55.4498,25.193],[55.4462,25.1865],[55.4427,25.1713],[55.4277,25.1742],[55.4284,25.1781],[55.4274,25.1827],[55.4293,25.194],[55.4317,25.1971],[55.4395,25.2026],[55.4402,25.2019]]]}},{"type":"Feature","id":283,"properties":{"id":"283","name":"Aleyas","official":"ALEYAS","psf_12m":null,"growth_12m":null,"sales_12m":null,"offplan_12m":null,"financed_12m":null,"psf_3y":null,"growth_3y":null,"sales_3y":3,"offplan_3y":null,"financed_3y":null,"psf_5y":null,"growth_5y":null,"sales_5y":3,"offplan_5y":null,"financed_5y":null,"psf_10y":null,"growth_10y":-16.7,"sales_10y":5,"offplan_10y":null,"financed_10y":null},"geometry":{"type":"Polygon","coordinates":[[[55.5563,25.2277],[55.5605,25.2261],[55.5544,25.214],[55.5511,25.2087],[55.5436,25.2001],[55.5324,25.1911],[55.5285,25.1919],[55.5257,25.1935],[55.5129,25.207],[55.525,25.2159],[55.5494,25.2311],[55.5563,25.2277]]]}},{"type":"Feature","id":369,"properties":{"id":"369","name":"Al Qouz Industrial Fourth","official":"AL QOUZ IND.FOURTH","psf_12m":null,"growth_12m":null,"sales_12m":null,"offplan_12m":null,"financed_12m":null,"psf_3y":null,"growth_3y":0.2,"sales_3y":3,"offplan_3y":null,"financed_3y":null,"psf_5y":null,"growth_5y":-14.8,"sales_5y":6,"offplan_5y":null,"financed_5y":null,"psf_10y":null,"growth_10y":-1.1,"sales_10y":14,"offplan_10y":null,"financed_10y":null},"geometry":{"type":"Polygon","coordinates":[[[55.2367,25.1272],[55.2484,25.1194],[55.233,25.1023],[55.2182,25.1122],[55.2325,25.13],[55.2367,25.1272]]]}},{"type":"Feature","id":681,"properties":{"id":"681","name":"Jumeirah Village Circle","official":"AL BARSHA SOUTH FOURTH","psf_12m":1512,"growth_12m":8.1,"sales_12m":13802,"offplan_12m":64,"financed_12m":23,"psf_3y":1381,"growth_3y":42.4,"sales_3y":48971,"offplan_3y":68,"financed_3y":17,"psf_5y":1292,"growth_5y":41.5,"sales_5y":64757,"offplan_5y":65,"financed_5y":16,"psf_10y":1222,"growth_10y":54.8,"sales_10y":76650,"offplan_10y":64,"financed_10y":18},"geometry":{"type":"Polygon","coordinates":[[[55.2108,25.0766],[55.2162,25.0718],[55.2191,25.0676],[55.2235,25.0519],[55.2098,25.0456],[55.1995,25.0433],[55.1968,25.0477],[55.1955,25.0513],[55.1951,25.0546],[55.1957,25.0582],[55.1987,25.0637],[55.2102,25.0769],[55.2108,25.0766]]]}},{"type":"Feature","id":324,"properties":{"id":"324","name":"Al Kifaf","official":"AL KIFAF","psf_12m":2214,"growth_12m":5.9,"sales_12m":385,"offplan_12m":73,"financed_12m":35,"psf_3y":2074,"growth_3y":25.1,"sales_3y":1998,"offplan_3y":77,"financed_3y":23,"psf_5y":1966,"growth_5y":50.6,"sales_5y":2992,"offplan_5y":53,"financed_5y":29,"psf_10y":1897,"growth_10y":null,"sales_10y":3489,"offplan_10y":57,"financed_10y":31},"geometry":{"type":"Polygon","coordinates":[[[55.2989,25.2378],[55.305,25.2347],[55.3049,25.2337],[55.2896,25.2299],[55.2954,25.2397],[55.2989,25.2378]]]}},{"type":"Feature","id":231,"properties":{"id":"231","name":"Al Nahda First","official":"AL NAHDA FIRST","psf_12m":null,"growth_12m":-28.6,"sales_12m":12,"offplan_12m":null,"financed_12m":null,"psf_3y":null,"growth_3y":58.7,"sales_3y":16,"offplan_3y":null,"financed_3y":null,"psf_5y":null,"growth_5y":58.7,"sales_5y":19,"offplan_5y":null,"financed_5y":null,"psf_10y":1117,"growth_10y":-9.2,"sales_10y":29,"offplan_10y":0,"financed_10y":1724},"geometry":{"type":"Polygon","coordinates":[[[55.3772,25.2979],[55.3779,25.2977],[55.3752,25.2965],[55.3691,25.2912],[55.3651,25.2862],[55.3605,25.2782],[55.3557,25.281],[55.3588,25.2848],[55.3623,25.2994],[55.3638,25.298],[55.3722,25.2969],[55.3772,25.2979]]]}},{"type":"Feature","id":221,"properties":{"id":"221","name":"Dubai Int'L Airport","official":"DUBAI INT'L AIRPORT","psf_12m":null,"growth_12m":null,"sales_12m":null,"offplan_12m":null,"financed_12m":null,"psf_3y":null,"growth_3y":null,"sales_3y":null,"offplan_3y":null,"financed_3y":null,"psf_5y":null,"growth_5y":87.8,"sales_5y":1,"offplan_5y":null,"financed_5y":null,"psf_10y":null,"growth_10y":-51,"sales_10y":3,"offplan_10y":null,"financed_10y":null},"geometry":{"type":"Polygon","coordinates":[[[55.3641,25.2674],[55.3871,25.2543],[55.3875,25.2459],[55.3971,25.2404],[55.4042,25.24],[55.4035,25.2329],[55.3965,25.2301],[55.3914,25.2305],[55.3681,25.2418],[55.3569,25.2452],[55.337,25.2561],[55.3373,25.2591],[55.3364,25.2636],[55.349,25.2749],[55.3557,25.2685],[55.3641,25.2674]]]}},{"type":"Feature","id":367,"properties":{"id":"367","name":"Umm Al Sheif","official":"UMM AL SHEIF","psf_12m":1189,"growth_12m":10.9,"sales_12m":26,"offplan_12m":0,"financed_12m":73,"psf_3y":1020,"growth_3y":44.9,"sales_3y":72,"offplan_3y":0,"financed_3y":67,"psf_5y":740,"growth_5y":24.4,"sales_5y":193,"offplan_5y":0,"financed_5y":42,"psf_10y":727,"growth_10y":25.3,"sales_10y":264,"offplan_10y":0,"financed_10y":63},"geometry":{"type":"Polygon","coordinates":[[[55.2029,25.1237],[55.202,25.1231],[55.195,25.128],[55.2045,25.1401],[55.2142,25.1337],[55.2104,25.1291],[55.2029,25.1237]]]}},{"type":"Feature","id":956,"properties":{"id":"956","name":"Al Hathmah","official":"AL HATHMAH","psf_12m":null,"growth_12m":null,"sales_12m":null,"offplan_12m":null,"financed_12m":null,"psf_3y":null,"growth_3y":null,"sales_3y":null,"offplan_3y":null,"financed_3y":null,"psf_5y":null,"growth_5y":null,"sales_5y":null,"offplan_5y":null,"financed_5y":null,"psf_10y":null,"growth_10y":null,"sales_10y":null,"offplan_10y":null,"financed_10y":null},"geometry":{"type":"Polygon","coordinates":[[[55.3828,24.8006],[55.4423,24.8536],[55.452,24.8484],[55.4716,24.8419],[55.4788,24.8382],[55.4877,24.8318],[55.4938,24.8261],[55.5011,24.8173],[55.5082,24.804],[55.5134,24.7884],[55.4902,24.7717],[55.4616,24.7716],[55.4366,24.7699],[55.4095,24.7645],[55.3828,24.8006]]]}},{"type":"Feature","id":364,"properties":{"id":"364","name":"Al Qouz Industrial First","official":"AL QOUZ IND.FIRST","psf_12m":null,"growth_12m":null,"sales_12m":2,"offplan_12m":null,"financed_12m":null,"psf_3y":null,"growth_3y":39.9,"sales_3y":2,"offplan_3y":null,"financed_3y":null,"psf_5y":null,"growth_5y":-45.7,"sales_5y":3,"offplan_5y":null,"financed_5y":null,"psf_10y":null,"growth_10y":-31.9,"sales_10y":7,"offplan_10y":null,"financed_10y":null},"geometry":{"type":"Polygon","coordinates":[[[55.2356,25.1554],[55.2469,25.1479],[55.2325,25.13],[55.2179,25.1397],[55.2302,25.159],[55.2356,25.1554]]]}},{"type":"Feature","id":672,"properties":{"id":"672","name":"Al Barsha South Second","official":"AL BARSHA SOUTH SECOND","psf_12m":1758,"growth_12m":11.6,"sales_12m":4073,"offplan_12m":95,"financed_12m":6,"psf_3y":1600,"growth_3y":38.9,"sales_3y":9333,"offplan_3y":91,"financed_3y":8,"psf_5y":1569,"growth_5y":41.6,"sales_5y":10249,"offplan_5y":89,"financed_5y":11,"psf_10y":1547,"growth_10y":53.4,"sales_10y":10957,"offplan_10y":87,"financed_10y":17},"geometry":{"type":"Polygon","coordinates":[[[55.2499,25.0703],[55.2498,25.0683],[55.2338,25.0682],[55.2283,25.0634],[55.221,25.0617],[55.2196,25.0666],[55.2168,25.0711],[55.2245,25.0791],[55.2267,25.0803],[55.25,25.0813],[55.2499,25.0703]]]}},{"type":"Feature","id":614,"properties":{"id":"614","name":"Ras Al Khor Industrial Third","official":"RAS AL KHOR IND. THIRD","psf_12m":null,"growth_12m":216.4,"sales_12m":1,"offplan_12m":null,"financed_12m":null,"psf_3y":null,"growth_3y":71.7,"sales_3y":4,"offplan_3y":null,"financed_3y":null,"psf_5y":null,"growth_5y":-39.2,"sales_5y":7,"offplan_5y":null,"financed_5y":null,"psf_10y":null,"growth_10y":302.8,"sales_10y":9,"offplan_10y":null,"financed_10y":null},"geometry":{"type":"Polygon","coordinates":[[[55.3802,25.1832],[55.3971,25.18],[55.3954,25.1722],[55.3911,25.1605],[55.387,25.1628],[55.3803,25.165],[55.3659,25.168],[55.3708,25.1849],[55.3802,25.1832]]]}},{"type":"Feature","id":975,"properties":{"id":"975","name":"Al O'Shoosh","official":"AL O'SHOOSH","psf_12m":null,"growth_12m":null,"sales_12m":null,"offplan_12m":null,"financed_12m":null,"psf_3y":null,"growth_3y":null,"sales_3y":null,"offplan_3y":null,"financed_3y":null,"psf_5y":null,"growth_5y":null,"sales_5y":null,"offplan_5y":null,"financed_5y":null,"psf_10y":null,"growth_10y":null,"sales_10y":null,"offplan_10y":null,"financed_10y":null},"geometry":{"type":"Polygon","coordinates":[[[55.4012,24.7223],[55.4012,24.6973],[55.3545,24.6484],[55.3583,24.6265],[55.3346,24.6231],[55.3239,24.626],[55.3077,24.7058],[55.3356,24.7058],[55.4012,24.7223]]]}},{"type":"Feature","id":988,"properties":{"id":"988","name":"Al Layan 2","official":"AL LAYAN 2","psf_12m":null,"growth_12m":null,"sales_12m":null,"offplan_12m":null,"financed_12m":null,"psf_3y":null,"growth_3y":null,"sales_3y":null,"offplan_3y":null,"financed_3y":null,"psf_5y":null,"growth_5y":null,"sales_5y":null,"offplan_5y":null,"financed_5y":null,"psf_10y":null,"growth_10y":null,"sales_10y":null,"offplan_10y":null,"financed_10y":null},"geometry":{"type":"Polygon","coordinates":[[[55.2028,24.7329],[55.149,24.718],[55.1103,24.7641],[55.1615,24.7849],[55.2028,24.7329]]]}},{"type":"Feature","id":241,"properties":{"id":"241","name":"Al Nahda Second","official":"AL NAHDA SECOND","psf_12m":null,"growth_12m":24.2,"sales_12m":11,"offplan_12m":null,"financed_12m":null,"psf_3y":2211,"growth_3y":-12.9,"sales_3y":27,"offplan_3y":0,"financed_3y":181,"psf_5y":2211,"growth_5y":-20.6,"sales_5y":33,"offplan_5y":0,"financed_5y":267,"psf_10y":2322,"growth_10y":111.1,"sales_10y":50,"offplan_10y":0,"financed_10y":402},"geometry":{"type":"Polygon","coordinates":[[[55.3884,25.2957],[55.3784,25.2814],[55.3666,25.2882],[55.3715,25.2938],[55.3752,25.2965],[55.3779,25.2977],[55.3826,25.2982],[55.3884,25.2957]]]}},{"type":"Feature","id":978,"properties":{"id":"978","name":"Saih Shua'Alah","official":"SAIH SHUA'ALAH","psf_12m":null,"growth_12m":null,"sales_12m":null,"offplan_12m":null,"financed_12m":null,"psf_3y":null,"growth_3y":null,"sales_3y":null,"offplan_3y":null,"financed_3y":null,"psf_5y":null,"growth_5y":null,"sales_5y":null,"offplan_5y":null,"financed_5y":null,"psf_10y":null,"growth_10y":null,"sales_10y":null,"offplan_10y":null,"financed_10y":null},"geometry":{"type":"Polygon","coordinates":[[[55.4012,24.6918],[55.4633,24.6918],[55.4966,24.6467],[55.3583,24.6265],[55.3545,24.6484],[55.4012,24.6973],[55.4012,24.6918]]]}},{"type":"Feature","id":214,"properties":{"id":"214","name":"Al Garhoud","official":"AL GARHOUD","psf_12m":null,"growth_12m":-1.4,"sales_12m":4,"offplan_12m":null,"financed_12m":null,"psf_3y":null,"growth_3y":-4.2,"sales_3y":14,"offplan_3y":null,"financed_3y":null,"psf_5y":533,"growth_5y":-23.1,"sales_5y":23,"offplan_5y":0,"financed_5y":170,"psf_10y":650,"growth_10y":-11.1,"sales_10y":41,"offplan_10y":0,"financed_10y":176},"geometry":{"type":"Polygon","coordinates":[[[55.369,25.2413],[55.3532,25.23],[55.3492,25.2346],[55.3402,25.241],[55.3367,25.2496],[55.337,25.2561],[55.3569,25.2452],[55.3649,25.2431],[55.369,25.2413]]]}},{"type":"Feature","id":363,"properties":{"id":"363","name":"Al Manara","official":"AL MANARA","psf_12m":null,"growth_12m":17.6,"sales_12m":6,"offplan_12m":null,"financed_12m":null,"psf_3y":1137,"growth_3y":42.2,"sales_3y":37,"offplan_3y":0,"financed_3y":68,"psf_5y":903,"growth_5y":29,"sales_5y":68,"offplan_5y":0,"financed_5y":69,"psf_10y":850,"growth_10y":50.9,"sales_10y":113,"offplan_10y":0,"financed_10y":97},"geometry":{"type":"Polygon","coordinates":[[[55.2144,25.1339],[55.2045,25.1401],[55.2159,25.1547],[55.224,25.1493],[55.2144,25.1339]]]}},{"type":"Feature","id":213,"properties":{"id":"213","name":"Nadd Shamma","official":"NADD SHAMMA","psf_12m":null,"growth_12m":20.1,"sales_12m":4,"offplan_12m":null,"financed_12m":null,"psf_3y":null,"growth_3y":14.9,"sales_3y":8,"offplan_3y":null,"financed_3y":null,"psf_5y":null,"growth_5y":-2.1,"sales_5y":9,"offplan_5y":null,"financed_5y":null,"psf_10y":null,"growth_10y":54.5,"sales_10y":15,"offplan_10y":null,"financed_10y":null},"geometry":{"type":"Polygon","coordinates":[[[55.3856,25.2189],[55.3946,25.2158],[55.3933,25.2126],[55.3826,25.2132],[55.3807,25.2138],[55.376,25.2175],[55.3764,25.2221],[55.3856,25.2189]]]}},{"type":"Feature","id":319,"properties":{"id":"319","name":"Oud Metha","official":"OUD METHA","psf_12m":null,"growth_12m":21.1,"sales_12m":6,"offplan_12m":null,"financed_12m":null,"psf_3y":null,"growth_3y":24.7,"sales_3y":12,"offplan_3y":null,"financed_3y":null,"psf_5y":null,"growth_5y":-36.6,"sales_5y":14,"offplan_5y":null,"financed_5y":null,"psf_10y":null,"growth_10y":-27.8,"sales_10y":17,"offplan_10y":null,"financed_10y":null},"geometry":{"type":"Polygon","coordinates":[[[55.3167,25.2306],[55.3164,25.2287],[55.305,25.2347],[55.3053,25.2376],[55.3142,25.2478],[55.3155,25.2455],[55.3166,25.2411],[55.3174,25.2344],[55.3167,25.2306]]]}},{"type":"Feature","id":134,"properties":{"id":"134","name":"Al Mamzar","official":"AL MAMZAR","psf_12m":686,"growth_12m":10.1,"sales_12m":25,"offplan_12m":0,"financed_12m":64,"psf_3y":614,"growth_3y":39.6,"sales_3y":74,"offplan_3y":0,"financed_3y":43,"psf_5y":470,"growth_5y":38.2,"sales_5y":189,"offplan_5y":0,"financed_5y":26,"psf_10y":440,"growth_10y":-18.9,"sales_10y":318,"offplan_10y":0,"financed_10y":25},"geometry":{"type":"Polygon","coordinates":[[[55.3481,25.3134],[55.3477,25.3074],[55.3512,25.2994],[55.3529,25.2983],[55.3554,25.2985],[55.357,25.2997],[55.3578,25.3019],[55.3573,25.303],[55.3528,25.3065],[55.3507,25.3095],[55.3497,25.3094],[55.3506,25.3097],[55.3496,25.3124],[55.3623,25.2994],[55.3588,25.2848],[55.3557,25.281],[55.3358,25.2983],[55.3387,25.3012],[55.3387,25.3035],[55.3404,25.3061],[55.3415,25.3066],[55.3405,25.308],[55.3381,25.3093],[55.3392,25.3109],[55.3388,25.3128],[55.3397,25.3131],[55.3428,25.3183],[55.3443,25.3182],[55.3443,25.319],[55.3436,25.3193],[55.3441,25.3213],[55.3447,25.3213],[55.3445,25.3205],[55.3452,25.3206],[55.3467,25.3223],[55.3464,25.323],[55.3459,25.3229],[55.3464,25.3249],[55.3467,25.3242],[55.3484,25.3248],[55.3489,25.3258],[55.3481,25.3264],[55.3501,25.3278],[55.3509,25.3269],[55.3523,25.3277],[55.3515,25.3279],[55.3539,25.3278],[55.3547,25.3264],[55.3539,25.3252],[55.3538,25.3234],[55.3522,25.3219],[55.3528,25.3204],[55.3503,25.3186],[55.3481,25.3134]]]}},{"type":"Feature","id":261,"properties":{"id":"261","name":"Muhaisnah First","official":"MUHAISNAH FIRST","psf_12m":1337,"growth_12m":7.2,"sales_12m":60,"offplan_12m":0,"financed_12m":107,"psf_3y":1271,"growth_3y":10.6,"sales_3y":185,"offplan_3y":0,"financed_3y":85,"psf_5y":1156,"growth_5y":21.7,"sales_5y":896,"offplan_5y":0,"financed_5y":22,"psf_10y":1152,"growth_10y":476,"sales_10y":980,"offplan_10y":0,"financed_10y":31},"geometry":{"type":"Polygon","coordinates":[[[55.4259,25.2369],[55.4254,25.2347],[55.4196,25.2352],[55.4107,25.235],[55.4066,25.2346],[55.4035,25.2329],[55.4056,25.2517],[55.4298,25.2553],[55.4311,25.2488],[55.4309,25.2468],[55.4265,25.2399],[55.4259,25.2369]]]}},{"type":"Feature","id":422,"properties":{"id":"422","name":"Al Warqa'A Second","official":"AL WARQA'A SECOND","psf_12m":null,"growth_12m":-3.3,"sales_12m":7,"offplan_12m":null,"financed_12m":null,"psf_3y":314,"growth_3y":24.4,"sales_3y":27,"offplan_3y":0,"financed_3y":459,"psf_5y":305,"growth_5y":35.5,"sales_5y":34,"offplan_5y":0,"financed_5y":632,"psf_10y":293,"growth_10y":30.3,"sales_10y":50,"offplan_10y":0,"financed_10y":748},"geometry":{"type":"Polygon","coordinates":[[[55.42,25.209],[55.421,25.2088],[55.418,25.2004],[55.4151,25.1952],[55.4127,25.1932],[55.4085,25.1913],[55.4066,25.1938],[55.4041,25.1958],[55.3968,25.1985],[55.4028,25.2123],[55.4067,25.2123],[55.42,25.209]]]}},{"type":"Feature","id":721,"properties":{"id":"721","name":"Al Awir Second","official":"AL AWIR SECOND","psf_12m":null,"growth_12m":-72.9,"sales_12m":7,"offplan_12m":null,"financed_12m":null,"psf_3y":null,"growth_3y":4.9,"sales_3y":14,"offplan_3y":null,"financed_3y":null,"psf_5y":null,"growth_5y":null,"sales_5y":28,"offplan_5y":null,"financed_5y":null,"psf_10y":null,"growth_10y":null,"sales_10y":32,"offplan_10y":null,"financed_10y":null},"geometry":{"type":"Polygon","coordinates":[[[55.6417,25.1515],[55.6133,25.1513],[55.6146,25.1431],[55.5283,25.1422],[55.5273,25.147],[55.5253,25.1507],[55.5113,25.1618],[55.5139,25.1634],[55.5186,25.1635],[55.5214,25.1644],[55.533,25.1703],[55.5453,25.1787],[55.5506,25.1796],[55.5528,25.1793],[55.5559,25.1778],[55.558,25.178],[55.5752,25.1885],[55.5843,25.1928],[55.6027,25.1946],[55.6077,25.1896],[55.6105,25.1887],[55.633,25.1926],[55.6417,25.1515]]]}},{"type":"Feature","id":591,"properties":{"id":"591","name":"Jebel Ali / Discovery Gardens","official":"JABAL ALI FIRST","psf_12m":1510,"growth_12m":17.7,"sales_12m":8295,"offplan_12m":66,"financed_12m":30,"psf_3y":1301,"growth_3y":59.1,"sales_3y":21711,"offplan_3y":58,"financed_3y":30,"psf_5y":1178,"growth_5y":33.3,"sales_5y":29943,"offplan_5y":48,"financed_5y":27,"psf_10y":1128,"growth_10y":54.7,"sales_10y":36892,"offplan_10y":46,"financed_10y":32},"geometry":{"type":"Polygon","coordinates":[[[55.1327,25.0647],[55.1382,25.0589],[55.1451,25.0497],[55.1703,25.0294],[55.1635,25.0233],[55.1582,25.0173],[55.1526,25.0183],[55.1308,25.0167],[55.0981,25.018],[55.1005,25.0254],[55.1026,25.0295],[55.1068,25.0351],[55.1327,25.0647]]]}},{"type":"Feature","id":711,"properties":{"id":"711","name":"Al Awir First","official":"AL AWIR FIRST","psf_12m":null,"growth_12m":3,"sales_12m":3,"offplan_12m":null,"financed_12m":null,"psf_3y":null,"growth_3y":28.8,"sales_3y":17,"offplan_3y":null,"financed_3y":null,"psf_5y":199,"growth_5y":63.7,"sales_5y":31,"offplan_5y":0,"financed_5y":12710,"psf_10y":179,"growth_10y":11.2,"sales_10y":53,"offplan_10y":0,"financed_10y":9691},"geometry":{"type":"Polygon","coordinates":[[[55.633,25.1926],[55.6104,25.1887],[55.6076,25.1897],[55.6027,25.1946],[55.5866,25.1933],[55.5834,25.1925],[55.5761,25.189],[55.5578,25.178],[55.5557,25.1779],[55.5528,25.1793],[55.5506,25.1796],[55.5451,25.1786],[55.5328,25.1702],[55.52,25.1639],[55.5139,25.1634],[55.5113,25.1618],[55.5058,25.1639],[55.4955,25.1644],[55.5113,25.1747],[55.5436,25.2001],[55.5511,25.2087],[55.554,25.2131],[55.5646,25.2348],[55.6293,25.2101],[55.633,25.1926]]]}},{"type":"Feature","id":991,"properties":{"id":"991","name":"Hefair","official":"HEFAIR","psf_12m":null,"growth_12m":null,"sales_12m":null,"offplan_12m":null,"financed_12m":null,"psf_3y":null,"growth_3y":null,"sales_3y":null,"offplan_3y":null,"financed_3y":null,"psf_5y":null,"growth_5y":null,"sales_5y":null,"offplan_5y":null,"financed_5y":null,"psf_10y":null,"growth_10y":null,"sales_10y":null,"offplan_10y":null,"financed_10y":null},"geometry":{"type":"Polygon","coordinates":[[[55.2425,24.7438],[55.2935,24.7578],[55.2935,24.7302],[55.3037,24.7176],[55.3077,24.7058],[55.3239,24.626],[55.2024,24.6591],[55.149,24.718],[55.2425,24.7438]]]}},{"type":"Feature","id":392,"properties":{"id":"392","name":"Dubai Marina","official":"MARSA DUBAI","psf_12m":2508,"growth_12m":-5.1,"sales_12m":4101,"offplan_12m":23,"financed_12m":44,"psf_3y":2537,"growth_3y":11.9,"sales_3y":20494,"offplan_3y":43,"financed_3y":28,"psf_5y":2503,"growth_5y":56.4,"sales_5y":36908,"offplan_5y":45,"financed_5y":24,"psf_10y":2113,"growth_10y":89.1,"sales_10y":53543,"offplan_10y":43,"financed_10y":26},"geometry":{"type":"Polygon","coordinates":[[[55.1177,25.0806],[55.1171,25.0812],[55.12,25.0846],[55.1243,25.0913],[55.1242,25.0969],[55.1303,25.0972],[55.1377,25.0992],[55.1428,25.1045],[55.1497,25.0988],[55.1449,25.0937],[55.1459,25.0928],[55.148,25.0948],[55.15,25.0933],[55.1488,25.092],[55.1551,25.0869],[55.1438,25.0771],[55.1327,25.0647],[55.1243,25.0714],[55.1235,25.0711],[55.1195,25.074],[55.1185,25.0762],[55.1192,25.0779],[55.1177,25.0789],[55.1177,25.0806]]]}},{"type":"Feature","id":981,"properties":{"id":"981","name":"Mugatrah","official":"MUGATRAH","psf_12m":null,"growth_12m":null,"sales_12m":null,"offplan_12m":null,"financed_12m":null,"psf_3y":null,"growth_3y":null,"sales_3y":null,"offplan_3y":null,"financed_3y":null,"psf_5y":null,"growth_5y":null,"sales_5y":1,"offplan_5y":null,"financed_5y":null,"psf_10y":null,"growth_10y":null,"sales_10y":1,"offplan_10y":null,"financed_10y":null},"geometry":{"type":"Polygon","coordinates":[[[55.1956,24.8618],[55.2416,24.8358],[55.2504,24.8179],[55.2569,24.8202],[55.267,24.8054],[55.2743,24.7991],[55.3109,24.7626],[55.2028,24.7329],[55.1288,24.826],[55.1478,24.8384],[55.1603,24.8476],[55.1722,24.8575],[55.1843,24.869],[55.1956,24.8618]]]}},{"type":"Feature","id":373,"properties":{"id":"373","name":"Al Barsha","official":"AL BARSHA FIRST","psf_12m":1800,"growth_12m":10.9,"sales_12m":132,"offplan_12m":73,"financed_12m":32,"psf_3y":1731,"growth_3y":72.2,"sales_3y":261,"offplan_3y":57,"financed_3y":41,"psf_5y":1638,"growth_5y":25.9,"sales_5y":313,"offplan_5y":48,"financed_5y":55,"psf_10y":1334,"growth_10y":-4.7,"sales_10y":543,"offplan_10y":27,"financed_10y":71},"geometry":{"type":"Polygon","coordinates":[[[55.209,25.1184],[55.2116,25.1167],[55.2039,25.1073],[55.2007,25.1058],[55.1893,25.1048],[55.1819,25.0972],[55.1792,25.1028],[55.1769,25.1053],[55.202,25.1231],[55.209,25.1184]]]}},{"type":"Feature","id":353,"properties":{"id":"353","name":"Al Safa First","official":"AL SAFA FIRST","psf_12m":null,"growth_12m":21.2,"sales_12m":1,"offplan_12m":null,"financed_12m":null,"psf_3y":null,"growth_3y":82.7,"sales_3y":8,"offplan_3y":null,"financed_3y":null,"psf_5y":null,"growth_5y":119.9,"sales_5y":14,"offplan_5y":null,"financed_5y":null,"psf_10y":610,"growth_10y":1.7,"sales_10y":23,"offplan_10y":0,"financed_10y":148},"geometry":{"type":"Polygon","coordinates":[[[55.2399,25.1868],[55.2494,25.1801],[55.2349,25.1644],[55.2277,25.1696],[55.2399,25.1868]]]}},{"type":"Feature","id":736,"properties":{"id":"736","name":"Nazwah","official":"NAZWAH","psf_12m":null,"growth_12m":null,"sales_12m":null,"offplan_12m":null,"financed_12m":null,"psf_3y":null,"growth_3y":null,"sales_3y":null,"offplan_3y":null,"financed_3y":null,"psf_5y":null,"growth_5y":null,"sales_5y":null,"offplan_5y":null,"financed_5y":null,"psf_10y":null,"growth_10y":null,"sales_10y":1,"offplan_10y":null,"financed_10y":null},"geometry":{"type":"Polygon","coordinates":[[[55.6618,24.9982],[55.6592,25.0003],[55.6181,25.0231],[55.6366,25.0369],[55.6393,25.0401],[55.6457,25.0432],[55.6623,25.044],[55.6618,24.9982]]]}},{"type":"Feature","id":216,"properties":{"id":"216","name":"Al Rashidiya","official":"AL RASHIDIYA","psf_12m":389,"growth_12m":33.1,"sales_12m":57,"offplan_12m":0,"financed_12m":11,"psf_3y":310,"growth_3y":8,"sales_3y":192,"offplan_3y":0,"financed_3y":16,"psf_5y":306,"growth_5y":-1.8,"sales_5y":284,"offplan_5y":0,"financed_5y":15,"psf_10y":307,"growth_10y":7.6,"sales_10y":473,"offplan_10y":0,"financed_10y":20},"geometry":{"type":"Polygon","coordinates":[[[55.4035,25.2329],[55.4034,25.2298],[55.4043,25.2274],[55.4051,25.2197],[55.4046,25.2168],[55.4028,25.2123],[55.3933,25.2126],[55.3946,25.2158],[55.3764,25.2221],[55.3778,25.231],[55.3778,25.2371],[55.393,25.2301],[55.3982,25.2306],[55.4035,25.2329]]]}},{"type":"Feature","id":346,"properties":{"id":"346","name":"Business Bay","official":"BUSINESS BAY","psf_12m":2559,"growth_12m":9.8,"sales_12m":9327,"offplan_12m":59,"financed_12m":21,"psf_3y":2350,"growth_3y":39.9,"sales_3y":34066,"offplan_3y":59,"financed_3y":16,"psf_5y":2121,"growth_5y":49.9,"sales_5y":52962,"offplan_5y":57,"financed_5y":13,"psf_10y":1926,"growth_10y":49.3,"sales_10y":67580,"offplan_10y":56,"financed_10y":15},"geometry":{"type":"Polygon","coordinates":[[[55.289,25.1952],[55.2915,25.1935],[55.2933,25.1908],[55.2941,25.1832],[55.287,25.1824],[55.2801,25.1796],[55.2742,25.1754],[55.2674,25.1684],[55.2496,25.1802],[55.2645,25.1964],[55.2675,25.1941],[55.2693,25.1906],[55.2776,25.1852],[55.2837,25.1922],[55.2876,25.1938],[55.289,25.1952]]]}},{"type":"Feature","id":345,"properties":{"id":"345","name":"Downtown Dubai","official":"BURJ KHALIFA","psf_12m":3108,"growth_12m":11,"sales_12m":2995,"offplan_12m":36,"financed_12m":36,"psf_3y":2811,"growth_3y":22.2,"sales_3y":11934,"offplan_3y":36,"financed_3y":30,"psf_5y":2622,"growth_5y":34.9,"sales_5y":21262,"offplan_5y":42,"financed_5y":24,"psf_10y":2397,"growth_10y":21.8,"sales_10y":30147,"offplan_10y":46,"financed_10y":26},"geometry":{"type":"Polygon","coordinates":[[[55.2778,25.2012],[55.289,25.1952],[55.2876,25.1938],[55.2837,25.1922],[55.2776,25.1852],[55.2693,25.1906],[55.2675,25.1941],[55.2645,25.1964],[55.2709,25.2049],[55.2778,25.2012]]]}},{"type":"Feature","id":358,"properties":{"id":"358","name":"Al Qouz Third","official":"AL QOUZ THIRD","psf_12m":null,"growth_12m":146.4,"sales_12m":2,"offplan_12m":null,"financed_12m":null,"psf_3y":null,"growth_3y":57.4,"sales_3y":5,"offplan_3y":null,"financed_3y":null,"psf_5y":null,"growth_5y":40.4,"sales_5y":8,"offplan_5y":null,"financed_5y":null,"psf_10y":null,"growth_10y":-16.8,"sales_10y":17,"offplan_10y":null,"financed_10y":null},"geometry":{"type":"Polygon","coordinates":[[[55.2529,25.1595],[55.2429,25.1506],[55.2302,25.159],[55.2396,25.1695],[55.2529,25.1595]]]}},{"type":"Feature","id":325,"properties":{"id":"325","name":"Zaa'Beel First","official":"ZAA'BEEL FIRST","psf_12m":3182,"growth_12m":4.3,"sales_12m":108,"offplan_12m":62,"financed_12m":29,"psf_3y":2713,"growth_3y":-34.8,"sales_3y":2018,"offplan_3y":93,"financed_3y":5,"psf_5y":2771,"growth_5y":null,"sales_5y":2320,"offplan_5y":94,"financed_5y":4,"psf_10y":2771,"growth_10y":null,"sales_10y":2320,"offplan_10y":94,"financed_10y":4},"geometry":{"type":"Polygon","coordinates":[[[55.3103,25.232],[55.3164,25.2287],[55.3129,25.208],[55.3125,25.2089],[55.3072,25.2124],[55.2898,25.2279],[55.2896,25.2299],[55.3049,25.2337],[55.305,25.2347],[55.3103,25.232]]]}},{"type":"Feature","id":354,"properties":{"id":"354","name":"Al Qouz First","official":"AL QOUZ FIRST","psf_12m":461,"growth_12m":5,"sales_12m":28,"offplan_12m":0,"financed_12m":86,"psf_3y":422,"growth_3y":28.8,"sales_3y":83,"offplan_3y":0,"financed_3y":106,"psf_5y":400,"growth_5y":20.8,"sales_5y":115,"offplan_5y":0,"financed_5y":124,"psf_10y":390,"growth_10y":56.1,"sales_10y":156,"offplan_10y":0,"financed_10y":166},"geometry":{"type":"Polygon","coordinates":[[[55.2634,25.1707],[55.2675,25.1683],[55.263,25.1638],[55.2617,25.1589],[55.2559,25.1585],[55.2532,25.1592],[55.2396,25.1695],[55.2496,25.1802],[55.2634,25.1707]]]}},{"type":"Feature","id":686,"properties":{"id":"686","name":"Me'Aisem Second","official":"ME'AISEM SECOND","psf_12m":1772,"growth_12m":6.4,"sales_12m":674,"offplan_12m":0,"financed_12m":4,"psf_3y":1632,"growth_3y":null,"sales_3y":2291,"offplan_3y":0,"financed_3y":1,"psf_5y":1632,"growth_5y":null,"sales_5y":2294,"offplan_5y":0,"financed_5y":1,"psf_10y":1632,"growth_10y":null,"sales_10y":2294,"offplan_10y":0,"financed_10y":1},"geometry":{"type":"Polygon","coordinates":[[[55.2275,25.0007],[55.2393,24.9972],[55.2449,24.9947],[55.249,24.992],[55.2444,24.9858],[55.2407,24.9782],[55.2128,24.9908],[55.2055,24.9926],[55.195,24.9942],[55.1879,24.9962],[55.1907,25.0025],[55.193,25.0055],[55.1973,25.0084],[55.2046,25.0105],[55.2144,25.0106],[55.2162,25.0114],[55.222,25.0041],[55.2275,25.0007]]]}},{"type":"Feature","id":318,"properties":{"id":"318","name":"Al Karama","official":"AL KARAMA","psf_12m":3602,"growth_12m":9.3,"sales_12m":28,"offplan_12m":0,"financed_12m":68,"psf_3y":3165,"growth_3y":60,"sales_3y":83,"offplan_3y":0,"financed_3y":48,"psf_5y":2418,"growth_5y":10,"sales_5y":157,"offplan_5y":0,"financed_5y":41,"psf_10y":2348,"growth_10y":42.5,"sales_10y":196,"offplan_10y":0,"financed_10y":69},"geometry":{"type":"Polygon","coordinates":[[[55.3123,25.2501],[55.3142,25.2478],[55.3053,25.2376],[55.305,25.2347],[55.2954,25.2397],[55.3043,25.2548],[55.3102,25.2522],[55.3123,25.2501]]]}},{"type":"Feature","id":931,"properties":{"id":"931","name":"Al Lesaily","official":"AL LESAILY","psf_12m":null,"growth_12m":null,"sales_12m":null,"offplan_12m":null,"financed_12m":null,"psf_3y":null,"growth_3y":null,"sales_3y":4,"offplan_3y":null,"financed_3y":null,"psf_5y":null,"growth_5y":-28,"sales_5y":7,"offplan_5y":null,"financed_5y":null,"psf_10y":null,"growth_10y":null,"sales_10y":13,"offplan_10y":null,"financed_10y":null},"geometry":{"type":"Polygon","coordinates":[[[55.5213,24.9236],[55.4423,24.8536],[55.4145,24.8767],[55.3894,24.9014],[55.3848,24.9069],[55.3796,24.9153],[55.3777,24.9203],[55.3768,24.9262],[55.3763,24.9503],[55.3837,24.951],[55.3903,24.9529],[55.3984,24.9567],[55.4191,24.9609],[55.4362,24.9606],[55.4506,24.9583],[55.4649,24.9571],[55.4794,24.9595],[55.4942,24.9648],[55.5118,24.9394],[55.5213,24.9236]]]}},{"type":"Feature","id":671,"properties":{"id":"671","name":"Al Barsha South First","official":"AL BARSHA SOUTH FIRST","psf_12m":null,"growth_12m":21.8,"sales_12m":7,"offplan_12m":null,"financed_12m":null,"psf_3y":418,"growth_3y":41,"sales_3y":21,"offplan_3y":0,"financed_3y":1000,"psf_5y":403,"growth_5y":47.4,"sales_5y":37,"offplan_5y":0,"financed_5y":824,"psf_10y":353,"growth_10y":53.4,"sales_10y":49,"offplan_10y":0,"financed_10y":994},"geometry":{"type":"Polygon","coordinates":[[[55.25,25.0813],[55.2267,25.0803],[55.2245,25.0791],[55.2168,25.0711],[55.2102,25.0769],[55.233,25.1023],[55.2433,25.0938],[55.2481,25.0868],[55.25,25.0813]]]}},{"type":"Feature","id":421,"properties":{"id":"421","name":"Al Warqa'A First","official":"AL WARQA'A FIRST","psf_12m":null,"growth_12m":69.8,"sales_12m":12,"offplan_12m":null,"financed_12m":null,"psf_3y":750,"growth_3y":42.6,"sales_3y":41,"offplan_3y":0,"financed_3y":120,"psf_5y":650,"growth_5y":-9.1,"sales_5y":80,"offplan_5y":0,"financed_5y":102,"psf_10y":692,"growth_10y":36.1,"sales_10y":138,"offplan_10y":0,"financed_10y":129},"geometry":{"type":"Polygon","coordinates":[[[55.4085,25.1913],[55.4098,25.1857],[55.4084,25.1778],[55.3971,25.18],[55.3968,25.1985],[55.4041,25.1958],[55.4066,25.1938],[55.4085,25.1913]]]}},{"type":"Feature","id":246,"properties":{"id":"246","name":"Al Qusais Industrial Third","official":"AL QUSAIS IND. THIRD","psf_12m":null,"growth_12m":null,"sales_12m":null,"offplan_12m":null,"financed_12m":null,"psf_3y":null,"growth_3y":null,"sales_3y":1,"offplan_3y":null,"financed_3y":null,"psf_5y":null,"growth_5y":-69.5,"sales_5y":1,"offplan_5y":null,"financed_5y":null,"psf_10y":null,"growth_10y":-17.6,"sales_10y":3,"offplan_10y":null,"financed_10y":null},"geometry":{"type":"Polygon","coordinates":[[[55.3967,25.2984],[55.3948,25.292],[55.3843,25.2978],[55.3813,25.2983],[55.3772,25.2979],[55.3861,25.3025],[55.3967,25.2984]]]}},{"type":"Feature","id":262,"properties":{"id":"262","name":"Al Mizhar First","official":"AL MIZHAR FIRST","psf_12m":null,"growth_12m":32.1,"sales_12m":13,"offplan_12m":null,"financed_12m":null,"psf_3y":320,"growth_3y":17.3,"sales_3y":68,"offplan_3y":0,"financed_3y":278,"psf_5y":312,"growth_5y":12.8,"sales_5y":99,"offplan_5y":0,"financed_5y":286,"psf_10y":293,"growth_10y":15,"sales_10y":172,"offplan_10y":0,"financed_10y":243},"geometry":{"type":"Polygon","coordinates":[[[55.4559,25.2576],[55.4509,25.2308],[55.4254,25.2347],[55.4264,25.2396],[55.4309,25.2468],[55.4311,25.2488],[55.4298,25.2553],[55.4361,25.2564],[55.4406,25.2582],[55.4559,25.2576]]]}},{"type":"Feature","id":251,"properties":{"id":"251","name":"Mirdif","official":"MIRDIF","psf_12m":1207,"growth_12m":6.5,"sales_12m":271,"offplan_12m":34,"financed_12m":41,"psf_3y":1165,"growth_3y":16.8,"sales_3y":1037,"offplan_3y":10,"financed_3y":30,"psf_5y":1104,"growth_5y":50.6,"sales_5y":1828,"offplan_5y":6,"financed_5y":27,"psf_10y":1023,"growth_10y":69.7,"sales_10y":2369,"offplan_10y":10,"financed_10y":38},"geometry":{"type":"Polygon","coordinates":[[[55.4393,25.2175],[55.4372,25.214],[55.4311,25.217],[55.4301,25.2153],[55.4279,25.2076],[55.4282,25.207],[55.4067,25.2123],[55.4028,25.2123],[55.4046,25.2168],[55.4051,25.2197],[55.4043,25.2274],[55.4034,25.2298],[55.4035,25.2329],[55.4066,25.2346],[55.4196,25.2352],[55.4424,25.2321],[55.442,25.2223],[55.4393,25.2175]]]}},{"type":"Feature","id":812,"properties":{"id":"812","name":"Al Rowaiyah First","official":"AL ROWAIYAH FIRST","psf_12m":2800,"growth_12m":null,"sales_12m":64,"offplan_12m":95,"financed_12m":8,"psf_3y":2800,"growth_3y":1706.4,"sales_3y":65,"offplan_3y":94,"financed_3y":15,"psf_5y":2785,"growth_5y":253.4,"sales_5y":67,"offplan_5y":91,"financed_5y":16,"psf_10y":2668,"growth_10y":1481.1,"sales_10y":77,"offplan_10y":79,"financed_10y":22},"geometry":{"type":"Polygon","coordinates":[[[55.4656,25.1402],[55.4669,25.1402],[55.4453,25.124],[55.4149,25.103],[55.4102,25.1083],[55.4093,25.1123],[55.4115,25.117],[55.4117,25.1198],[55.4108,25.1222],[55.4082,25.1252],[55.4308,25.1418],[55.4374,25.14],[55.4656,25.1402]]]}},{"type":"Feature","id":684,"properties":{"id":"684","name":"Al Barsha South Fifth","official":"AL BARSHA SOUTH FIFTH","psf_12m":1652,"growth_12m":15.3,"sales_12m":4951,"offplan_12m":85,"financed_12m":10,"psf_3y":1518,"growth_3y":49.7,"sales_3y":11270,"offplan_3y":82,"financed_3y":13,"psf_5y":1468,"growth_5y":42.5,"sales_5y":13323,"offplan_5y":79,"financed_5y":15,"psf_10y":1436,"growth_10y":214,"sales_10y":16031,"offplan_10y":76,"financed_10y":17},"geometry":{"type":"Polygon","coordinates":[[[55.1987,25.0637],[55.1964,25.06],[55.1951,25.0546],[55.196,25.0499],[55.1995,25.0433],[55.1863,25.04],[55.1703,25.0294],[55.1686,25.0307],[55.1982,25.0641],[55.1987,25.0637]]]}},{"type":"Feature","id":357,"properties":{"id":"357","name":"Al Safa Second","official":"AL SAFA SECOND","psf_12m":null,"growth_12m":31.3,"sales_12m":6,"offplan_12m":null,"financed_12m":null,"psf_3y":919,"growth_3y":41.4,"sales_3y":24,"offplan_3y":0,"financed_3y":117,"psf_5y":849,"growth_5y":27.4,"sales_5y":37,"offplan_5y":0,"financed_5y":130,"psf_10y":765,"growth_10y":25.4,"sales_10y":60,"offplan_10y":0,"financed_10y":172},"geometry":{"type":"Polygon","coordinates":[[[55.2322,25.1667],[55.2349,25.1644],[55.2298,25.1585],[55.224,25.1493],[55.2159,25.1547],[55.2277,25.1696],[55.2322,25.1667]]]}},{"type":"Feature","id":685,"properties":{"id":"685","name":"IMPZ / Production City","official":"ME'AISEM FIRST","psf_12m":1393,"growth_12m":4.7,"sales_12m":4326,"offplan_12m":63,"financed_12m":21,"psf_3y":1330,"growth_3y":33,"sales_3y":12286,"offplan_3y":60,"financed_3y":23,"psf_5y":1295,"growth_5y":40.4,"sales_5y":15007,"offplan_5y":52,"financed_5y":25,"psf_10y":1209,"growth_10y":27.6,"sales_10y":18714,"offplan_10y":46,"financed_10y":31},"geometry":{"type":"Polygon","coordinates":[[[55.2162,25.0114],[55.2144,25.0106],[55.2046,25.0105],[55.1953,25.0073],[55.193,25.0055],[55.1907,25.0025],[55.1879,24.9962],[55.1813,24.9991],[55.1756,25.0026],[55.1705,25.0068],[55.1638,25.0141],[55.1582,25.0173],[55.1635,25.0233],[55.1689,25.0282],[55.1843,25.0389],[55.1887,25.0409],[55.1995,25.0433],[55.2081,25.0297],[55.2127,25.0174],[55.2162,25.0114]]]}},{"type":"Feature","id":987,"properties":{"id":"987","name":"Al Layan 1","official":"AL LAYAN 1","psf_12m":null,"growth_12m":null,"sales_12m":null,"offplan_12m":null,"financed_12m":null,"psf_3y":null,"growth_3y":null,"sales_3y":null,"offplan_3y":null,"financed_3y":null,"psf_5y":null,"growth_5y":null,"sales_5y":1,"offplan_5y":null,"financed_5y":null,"psf_10y":null,"growth_10y":null,"sales_10y":1,"offplan_10y":null,"financed_10y":null},"geometry":{"type":"Polygon","coordinates":[[[55.1615,24.7849],[55.1103,24.7641],[55.0833,24.7966],[55.1288,24.826],[55.1615,24.7849]]]}},{"type":"Feature","id":127,"properties":{"id":"127","name":"Hor Al Anz","official":"HOR AL ANZ","psf_12m":1011,"growth_12m":29.9,"sales_12m":100,"offplan_12m":0,"financed_12m":10,"psf_3y":906,"growth_3y":18.1,"sales_3y":298,"offplan_3y":0,"financed_3y":10,"psf_5y":880,"growth_5y":-22.1,"sales_5y":406,"offplan_5y":0,"financed_5y":15,"psf_10y":962,"growth_10y":4.6,"sales_10y":595,"offplan_10y":0,"financed_10y":26},"geometry":{"type":"Polygon","coordinates":[[[55.3483,25.2761],[55.3372,25.2718],[55.3304,25.2705],[55.329,25.2754],[55.3271,25.2787],[55.3386,25.2838],[55.3483,25.2761]]]}},{"type":"Feature","id":243,"properties":{"id":"243","name":"Al Qusais Industrial Second","official":"AL QUSAIS IND. SECOND","psf_12m":null,"growth_12m":null,"sales_12m":null,"offplan_12m":null,"financed_12m":null,"psf_3y":null,"growth_3y":233.2,"sales_3y":1,"offplan_3y":null,"financed_3y":null,"psf_5y":null,"growth_5y":-47.6,"sales_5y":3,"offplan_5y":null,"financed_5y":null,"psf_10y":null,"growth_10y":2,"sales_10y":6,"offplan_10y":null,"financed_10y":null},"geometry":{"type":"Polygon","coordinates":[[[55.3983,25.29],[55.4009,25.2885],[55.3983,25.2847],[55.3967,25.2808],[55.3963,25.271],[55.3847,25.2777],[55.3948,25.292],[55.3983,25.29]]]}},{"type":"Feature","id":648,"properties":{"id":"648","name":"Dubailand / Liwan","official":"WADI AL SAFA 5","psf_12m":1462,"growth_12m":9.7,"sales_12m":9668,"offplan_12m":85,"financed_12m":16,"psf_3y":1338,"growth_3y":54.6,"sales_3y":27428,"offplan_3y":75,"financed_3y":19,"psf_5y":1263,"growth_5y":72.5,"sales_5y":35621,"offplan_5y":73,"financed_5y":19,"psf_10y":1175,"growth_10y":75.4,"sales_10y":41734,"offplan_10y":72,"financed_10y":20},"geometry":{"type":"Polygon","coordinates":[[[55.3791,25.1032],[55.3921,25.0875],[55.376,25.0765],[55.3711,25.0739],[55.3584,25.069],[55.3391,25.0655],[55.3278,25.0623],[55.3167,25.0563],[55.3088,25.0494],[55.3012,25.0583],[55.3601,25.0929],[55.3791,25.1032]]]}},{"type":"Feature","id":592,"properties":{"id":"592","name":"Jabal Ali Second","official":"JABAL ALI SECOND","psf_12m":null,"growth_12m":null,"sales_12m":null,"offplan_12m":null,"financed_12m":null,"psf_3y":null,"growth_3y":null,"sales_3y":null,"offplan_3y":null,"financed_3y":null,"psf_5y":null,"growth_5y":null,"sales_5y":null,"offplan_5y":null,"financed_5y":null,"psf_10y":null,"growth_10y":null,"sales_10y":null,"offplan_10y":null,"financed_10y":null},"geometry":{"type":"Polygon","coordinates":[[[55.1327,25.0647],[55.1084,25.0367],[55.0976,25.0445],[55.1036,25.0513],[55.1068,25.0535],[55.1099,25.0566],[55.1189,25.0672],[55.1242,25.0715],[55.1327,25.0647]]]}},{"type":"Feature","id":423,"properties":{"id":"423","name":"Al Warqa'A Third","official":"AL WARQA'A THIRD","psf_12m":null,"growth_12m":16.8,"sales_12m":15,"offplan_12m":null,"financed_12m":null,"psf_3y":289,"growth_3y":-3.8,"sales_3y":48,"offplan_3y":0,"financed_3y":588,"psf_5y":300,"growth_5y":28.5,"sales_5y":68,"offplan_5y":0,"financed_5y":690,"psf_10y":266,"growth_10y":52,"sales_10y":111,"offplan_10y":0,"financed_10y":756},"geometry":{"type":"Polygon","coordinates":[[[55.4272,25.2072],[55.4348,25.2053],[55.4395,25.2026],[55.4312,25.1966],[55.4291,25.1937],[55.4274,25.1827],[55.4284,25.1781],[55.4277,25.1742],[55.4084,25.1778],[55.4098,25.1857],[55.4085,25.1913],[55.413,25.1933],[55.4153,25.1955],[55.4182,25.2008],[55.421,25.2088],[55.4272,25.2072]]]}},{"type":"Feature","id":431,"properties":{"id":"431","name":"Al Athbah","official":"AL ATHBAH","psf_12m":null,"growth_12m":20.9,"sales_12m":1,"offplan_12m":null,"financed_12m":null,"psf_3y":null,"growth_3y":46.1,"sales_3y":3,"offplan_3y":null,"financed_3y":null,"psf_5y":null,"growth_5y":null,"sales_5y":8,"offplan_5y":null,"financed_5y":null,"psf_10y":null,"growth_10y":null,"sales_10y":8,"offplan_10y":null,"financed_10y":null},"geometry":{"type":"Polygon","coordinates":[[[55.4854,25.1649],[55.4759,25.1652],[55.4601,25.168],[55.4645,25.1898],[55.4967,25.1846],[55.5116,25.1798],[55.5151,25.1777],[55.4955,25.1644],[55.4854,25.1649]]]}},{"type":"Feature","id":618,"properties":{"id":"618","name":"Nadd Al Shiba First","official":"NADD AL SHIBA FIRST","psf_12m":3197,"growth_12m":78.8,"sales_12m":2946,"offplan_12m":76,"financed_12m":10,"psf_3y":2232,"growth_3y":101.5,"sales_3y":5304,"offplan_3y":60,"financed_3y":18,"psf_5y":1954,"growth_5y":126.1,"sales_5y":6571,"offplan_5y":51,"financed_5y":21,"psf_10y":1576,"growth_10y":43.3,"sales_10y":8791,"offplan_10y":43,"financed_10y":28},"geometry":{"type":"Polygon","coordinates":[[[55.3032,25.1281],[55.2965,25.1245],[55.2953,25.1308],[55.2932,25.1308],[55.2806,25.1273],[55.2821,25.1391],[55.283,25.1399],[55.2906,25.1402],[55.2867,25.1504],[55.2854,25.1509],[55.2843,25.1525],[55.2876,25.1552],[55.2887,25.1541],[55.2912,25.1557],[55.2929,25.1556],[55.2932,25.1562],[55.2926,25.1567],[55.3025,25.1657],[55.3034,25.1657],[55.305,25.1681],[55.3097,25.1699],[55.324,25.1706],[55.351,25.1364],[55.3407,25.131],[55.3398,25.1326],[55.3327,25.1259],[55.3321,25.1298],[55.3244,25.1288],[55.3253,25.1268],[55.3148,25.1192],[55.3128,25.1195],[55.3041,25.1283],[55.3032,25.1281]]]}},{"type":"Feature","id":917,"properties":{"id":"917","name":"Al Marmoom","official":"AL MARMOOM","psf_12m":null,"growth_12m":null,"sales_12m":null,"offplan_12m":null,"financed_12m":null,"psf_3y":null,"growth_3y":null,"sales_3y":null,"offplan_3y":null,"financed_3y":null,"psf_5y":null,"growth_5y":null,"sales_5y":null,"offplan_5y":null,"financed_5y":null,"psf_10y":null,"growth_10y":null,"sales_10y":null,"offplan_10y":null,"financed_10y":null},"geometry":{"type":"Polygon","coordinates":[[[55.4736,24.9937],[55.4942,24.9648],[55.4794,24.9595],[55.4658,24.9572],[55.4506,24.9583],[55.4362,24.9606],[55.4232,24.961],[55.4191,24.9609],[55.3984,24.9567],[55.4032,24.9599],[55.4074,24.9637],[55.4204,24.9813],[55.4255,24.9863],[55.4327,24.992],[55.4369,24.9932],[55.4455,24.9932],[55.4493,24.994],[55.4658,25.0048],[55.4736,24.9937]]]}},{"type":"Feature","id":124,"properties":{"id":"124","name":"Al Muraqqabat","official":"AL MURAQQABAT","psf_12m":null,"growth_12m":-4.2,"sales_12m":13,"offplan_12m":null,"financed_12m":null,"psf_3y":1882,"growth_3y":25.8,"sales_3y":37,"offplan_3y":0,"financed_3y":141,"psf_5y":1550,"growth_5y":-23.5,"sales_5y":66,"offplan_5y":0,"financed_5y":126,"psf_10y":1731,"growth_10y":-6.4,"sales_10y":105,"offplan_10y":0,"financed_10y":178},"geometry":{"type":"Polygon","coordinates":[[[55.3296,25.264],[55.3264,25.2587],[55.3218,25.2602],[55.3143,25.2645],[55.3159,25.2671],[55.3164,25.2701],[55.3304,25.2705],[55.3306,25.2682],[55.3296,25.264]]]}},{"type":"Feature","id":594,"properties":{"id":"594","name":"Mena Jabal Ali","official":"MENA JABAL ALI","psf_12m":null,"growth_12m":null,"sales_12m":null,"offplan_12m":null,"financed_12m":null,"psf_3y":null,"growth_3y":null,"sales_3y":null,"offplan_3y":null,"financed_3y":null,"psf_5y":null,"growth_5y":null,"sales_5y":55,"offplan_5y":null,"financed_5y":null,"psf_10y":null,"growth_10y":null,"sales_10y":55,"offplan_10y":null,"financed_10y":null},"geometry":{"type":"Polygon","coordinates":[[[55.0377,24.9714],[55.0403,24.9678],[55.0399,24.9667],[55.0323,24.9639],[55.03,24.9651],[55.0287,24.967],[55.022,24.9827],[55.0223,24.9837],[55.0216,24.9844],[55.0201,24.9842],[55.0191,24.9867],[55.0251,24.991],[55.0258,24.9921],[55.0255,24.9908],[55.0237,24.9899],[55.0238,24.9885],[55.0258,24.9887],[55.0256,24.9902],[55.0269,24.9899],[55.0298,24.9913],[55.0306,24.9922],[55.0301,24.9939],[55.0305,24.9955],[55.0319,24.9973],[55.0304,24.994],[55.031,24.9924],[55.0315,24.9932],[55.032,24.9924],[55.0361,24.993],[55.0355,24.9931],[55.0361,24.9933],[55.0353,24.9956],[55.0324,24.9957],[55.0338,24.9961],[55.036,24.9953],[55.0369,24.9928],[55.0406,24.9937],[55.0375,25.001],[55.043,25.0029],[55.0467,25.0013],[55.0546,24.9812],[55.0491,24.976],[55.0518,24.9733],[55.0529,24.9743],[55.0554,24.9719],[55.0819,24.995],[55.079,24.9977],[55.0633,24.984],[55.0595,24.9855],[55.058,24.9891],[55.0758,25.0047],[55.0718,25.0086],[55.056,24.9949],[55.0551,24.9947],[55.0529,24.9968],[55.0505,25.0026],[55.0524,25.0057],[55.051,25.0077],[55.0514,25.0081],[55.0509,25.0093],[55.0499,25.0103],[55.0503,25.0108],[55.0462,25.0206],[55.0601,25.0229],[55.0628,25.0226],[55.0681,25.0176],[55.0686,25.0178],[55.07,25.0165],[55.0784,25.0234],[55.0918,25.0136],[55.0969,25.0107],[55.0925,24.9846],[55.0904,24.9775],[55.0796,24.9585],[55.0762,24.9546],[55.072,24.9512],[55.0675,24.9488],[55.0624,24.947],[55.0423,24.9662],[55.0337,24.978],[55.0377,24.9714]]]}},{"type":"Feature","id":593,"properties":{"id":"593","name":"Jabal Ali Third","official":"JABAL ALI THIRD","psf_12m":null,"growth_12m":null,"sales_12m":null,"offplan_12m":null,"financed_12m":null,"psf_3y":null,"growth_3y":null,"sales_3y":null,"offplan_3y":null,"financed_3y":null,"psf_5y":null,"growth_5y":null,"sales_5y":3,"offplan_5y":null,"financed_5y":null,"psf_10y":null,"growth_10y":null,"sales_10y":3,"offplan_10y":null,"financed_10y":null},"geometry":{"type":"Polygon","coordinates":[[[55.0953,25.0491],[55.0965,25.0433],[55.0976,25.0445],[55.1084,25.0367],[55.1026,25.0295],[55.1005,25.0254],[55.0981,25.018],[55.0969,25.0107],[55.0918,25.0136],[55.0784,25.0234],[55.07,25.0165],[55.0686,25.0178],[55.0681,25.0176],[55.0628,25.0226],[55.0601,25.0229],[55.0462,25.0206],[55.0503,25.0108],[55.0499,25.0103],[55.0509,25.0093],[55.0514,25.0081],[55.051,25.0077],[55.0524,25.0057],[55.0505,25.0026],[55.0529,24.9968],[55.0551,24.9947],[55.056,24.9949],[55.0718,25.0086],[55.0758,25.0047],[55.058,24.9891],[55.0595,24.9855],[55.0633,24.984],[55.079,24.9977],[55.0819,24.995],[55.0554,24.9719],[55.0529,24.9743],[55.0518,24.9733],[55.0491,24.976],[55.0546,24.9812],[55.0467,25.0013],[55.043,25.0029],[55.0375,25.001],[55.0339,25.003],[55.035,25.0057],[55.0356,25.0118],[55.0352,25.0173],[55.034,25.0223],[55.0315,25.0254],[55.0277,25.0283],[55.0241,25.0329],[55.018,25.0377],[55.0111,25.0413],[55.0035,25.0436],[54.9957,25.0447],[54.8872,25.1397],[54.8255,25.0838],[54.7702,25.1334],[54.8996,25.2518],[55.1095,25.0644],[55.0953,25.0491]]]}},{"type":"Feature","id":416,"properties":{"id":"416","name":"Nadd Al Hamar","official":"NADD AL HAMAR","psf_12m":1010,"growth_12m":5.6,"sales_12m":107,"offplan_12m":22,"financed_12m":49,"psf_3y":957,"growth_3y":218.8,"sales_3y":267,"offplan_3y":9,"financed_3y":62,"psf_5y":780,"growth_5y":129.5,"sales_5y":321,"offplan_5y":7,"financed_5y":80,"psf_10y":569,"growth_10y":133.5,"sales_10y":415,"offplan_10y":6,"financed_10y":103},"geometry":{"type":"Polygon","coordinates":[[[55.3773,25.2165],[55.3803,25.2141],[55.3823,25.2133],[55.4028,25.2123],[55.3968,25.1985],[55.3971,25.18],[55.3708,25.1849],[55.3762,25.2042],[55.3754,25.2174],[55.3773,25.2165]]]}},{"type":"Feature","id":376,"properties":{"id":"376","name":"Al Barsha Second","official":"AL BARSHA SECOND","psf_12m":null,"growth_12m":4.9,"sales_12m":17,"offplan_12m":null,"financed_12m":null,"psf_3y":450,"growth_3y":35,"sales_3y":73,"offplan_3y":0,"financed_3y":178,"psf_5y":433,"growth_5y":18.2,"sales_5y":114,"offplan_5y":0,"financed_5y":187,"psf_10y":400,"growth_10y":13.2,"sales_10y":185,"offplan_10y":0,"financed_10y":205},"geometry":{"type":"Polygon","coordinates":[[[55.2182,25.1122],[55.233,25.1023],[55.2172,25.0847],[55.2038,25.0946],[55.2032,25.0969],[55.2004,25.098],[55.1997,25.0995],[55.1993,25.1057],[55.2018,25.1061],[55.2041,25.1075],[55.2116,25.1167],[55.2182,25.1122]]]}},{"type":"Feature","id":967,"properties":{"id":"967","name":"Ghadeer Barashy","official":"GHADEER BARASHY","psf_12m":null,"growth_12m":null,"sales_12m":1,"offplan_12m":null,"financed_12m":null,"psf_3y":null,"growth_3y":null,"sales_3y":1,"offplan_3y":null,"financed_3y":null,"psf_5y":null,"growth_5y":null,"sales_5y":1,"offplan_5y":null,"financed_5y":null,"psf_10y":null,"growth_10y":null,"sales_10y":1,"offplan_10y":null,"financed_10y":null},"geometry":{"type":"Polygon","coordinates":[[[55.3798,24.8046],[55.3828,24.8006],[55.3532,24.7742],[55.3109,24.7626],[55.2743,24.7991],[55.267,24.8054],[55.2569,24.8202],[55.281,24.8292],[55.2997,24.8353],[55.3237,24.8403],[55.3453,24.8514],[55.3798,24.8046]]]}},{"type":"Feature","id":128,"properties":{"id":"128","name":"Al Khabaisi","official":"AL KHABAISI","psf_12m":null,"growth_12m":31.5,"sales_12m":7,"offplan_12m":null,"financed_12m":null,"psf_3y":706,"growth_3y":14.4,"sales_3y":20,"offplan_3y":0,"financed_3y":85,"psf_5y":637,"growth_5y":2.7,"sales_5y":32,"offplan_5y":0,"financed_5y":81,"psf_10y":632,"growth_10y":-19.3,"sales_10y":46,"offplan_10y":0,"financed_10y":150},"geometry":{"type":"Polygon","coordinates":[[[55.3494,25.2752],[55.3336,25.261],[55.3318,25.263],[55.3296,25.264],[55.3306,25.2682],[55.3304,25.2705],[55.3372,25.2718],[55.3483,25.2761],[55.3494,25.2752]]]}},{"type":"Feature","id":117,"properties":{"id":"117","name":"Al Murar","official":"AL MURAR","psf_12m":null,"growth_12m":18,"sales_12m":14,"offplan_12m":null,"financed_12m":null,"psf_3y":3400,"growth_3y":30.8,"sales_3y":35,"offplan_3y":0,"financed_3y":63,"psf_5y":3181,"growth_5y":5.6,"sales_5y":62,"offplan_5y":0,"financed_5y":65,"psf_10y":3138,"growth_10y":-14.4,"sales_10y":98,"offplan_10y":0,"financed_10y":97},"geometry":{"type":"Polygon","coordinates":[[[55.3154,25.2766],[55.313,25.2762],[55.3065,25.2735],[55.3048,25.2769],[55.3101,25.2799],[55.3109,25.2789],[55.3146,25.2787],[55.3154,25.2766]]]}},{"type":"Feature","id":857,"properties":{"id":"857","name":"Margab","official":"MARGAB","psf_12m":null,"growth_12m":null,"sales_12m":null,"offplan_12m":null,"financed_12m":null,"psf_3y":null,"growth_3y":null,"sales_3y":1,"offplan_3y":null,"financed_3y":null,"psf_5y":null,"growth_5y":null,"sales_5y":1,"offplan_5y":null,"financed_5y":null,"psf_10y":null,"growth_10y":null,"sales_10y":5,"offplan_10y":null,"financed_10y":null},"geometry":{"type":"Polygon","coordinates":[[[55.6426,24.7848],[55.6018,24.7717],[55.5942,24.79],[55.5739,24.8294],[55.578,24.8313],[55.582,24.8359],[55.593,24.842],[55.61,24.8472],[55.6167,24.852],[55.6426,24.7848]]]}},{"type":"Feature","id":597,"properties":{"id":"597","name":"Dubai Investment Park Second","official":"DUBAI INVESTMENT PARK SECOND","psf_12m":1522,"growth_12m":-1.1,"sales_12m":5124,"offplan_12m":83,"financed_12m":2,"psf_3y":1532,"growth_3y":298.5,"sales_3y":10602,"offplan_3y":76,"financed_3y":3,"psf_5y":1527,"growth_5y":230.5,"sales_5y":10849,"offplan_5y":74,"financed_5y":4,"psf_10y":1512,"growth_10y":138.6,"sales_10y":11683,"offplan_10y":70,"financed_10y":7},"geometry":{"type":"Polygon","coordinates":[[[55.2219,24.9869],[55.2407,24.9782],[55.2344,24.9538],[55.2292,24.9548],[55.2161,24.9556],[55.2043,24.9597],[55.182,24.9644],[55.1856,24.9821],[55.1858,24.9903],[55.1879,24.9962],[55.195,24.9942],[55.2098,24.9916],[55.2219,24.9869]]]}},{"type":"Feature","id":941,"properties":{"id":"941","name":"Grayteesah","official":"GRAYTEESAH","psf_12m":null,"growth_12m":null,"sales_12m":null,"offplan_12m":null,"financed_12m":null,"psf_3y":null,"growth_3y":null,"sales_3y":1,"offplan_3y":null,"financed_3y":null,"psf_5y":null,"growth_5y":null,"sales_5y":3,"offplan_5y":null,"financed_5y":null,"psf_10y":null,"growth_10y":null,"sales_10y":4,"offplan_10y":null,"financed_10y":null},"geometry":{"type":"Polygon","coordinates":[[[55.5296,24.9092],[55.5632,24.856],[55.573,24.8313],[55.5134,24.7884],[55.5082,24.804],[55.5011,24.8173],[55.4938,24.8261],[55.4877,24.8318],[55.4788,24.8382],[55.4716,24.8419],[55.452,24.8484],[55.4423,24.8536],[55.5213,24.9236],[55.5296,24.9092]]]}},{"type":"Feature","id":532,"properties":{"id":"532","name":"Saih Shuaib 3","official":"SAIH SHUAIB 3","psf_12m":181,"growth_12m":29.5,"sales_12m":39,"offplan_12m":0,"financed_12m":21,"psf_3y":162,"growth_3y":40.6,"sales_3y":68,"offplan_3y":0,"financed_3y":29,"psf_5y":158,"growth_5y":33,"sales_5y":88,"offplan_5y":0,"financed_5y":43,"psf_10y":137,"growth_10y":15.5,"sales_10y":147,"offplan_10y":0,"financed_10y":52},"geometry":{"type":"Polygon","coordinates":[[[55.0504,24.8361],[55.0443,24.8396],[55.0936,24.8714],[55.1094,24.8511],[55.0629,24.821],[55.0504,24.8361]]]}},{"type":"Feature","id":531,"properties":{"id":"531","name":"Saih Shuaib 2","official":"SAIH SHUAIB 2","psf_12m":1428,"growth_12m":3.3,"sales_12m":1060,"offplan_12m":83,"financed_12m":4,"psf_3y":1364,"growth_3y":315.1,"sales_3y":2055,"offplan_3y":65,"financed_3y":14,"psf_5y":1354,"growth_5y":107.1,"sales_5y":2148,"offplan_5y":62,"financed_5y":16,"psf_10y":1296,"growth_10y":141.9,"sales_10y":2452,"offplan_10y":58,"financed_10y":19},"geometry":{"type":"Polygon","coordinates":[[[55.0095,24.8591],[55.0722,24.8991],[55.0936,24.8714],[55.0443,24.8396],[55.0095,24.8591]]]}},{"type":"Feature","id":336,"properties":{"id":"336","name":"World Trade Centre","official":"TRADE CENTER SECOND","psf_12m":4761,"growth_12m":1.4,"sales_12m":606,"offplan_12m":94,"financed_12m":4,"psf_3y":4701,"growth_3y":348,"sales_3y":958,"offplan_3y":86,"financed_3y":7,"psf_5y":4655,"growth_5y":352.7,"sales_5y":1040,"offplan_5y":79,"financed_5y":9,"psf_10y":4608,"growth_10y":207.5,"sales_10y":1110,"offplan_10y":74,"financed_10y":14},"geometry":{"type":"Polygon","coordinates":[[[55.2924,25.2255],[55.2846,25.2148],[55.281,25.2166],[55.2747,25.2071],[55.2737,25.2053],[55.2786,25.2037],[55.2778,25.2012],[55.2709,25.2049],[55.2871,25.2287],[55.2896,25.2299],[55.2898,25.2279],[55.2924,25.2255]]]}},{"type":"Feature","id":119,"properties":{"id":"119","name":"Al Rigga","official":"AL RIGGA","psf_12m":null,"growth_12m":95.3,"sales_12m":2,"offplan_12m":null,"financed_12m":null,"psf_3y":null,"growth_3y":-12,"sales_3y":6,"offplan_3y":null,"financed_3y":null,"psf_5y":null,"growth_5y":-6.4,"sales_5y":10,"offplan_5y":null,"financed_5y":null,"psf_10y":null,"growth_10y":41.4,"sales_10y":12,"offplan_10y":null,"financed_10y":null},"geometry":{"type":"Polygon","coordinates":[[[55.3033,25.2674],[55.3033,25.2689],[55.3164,25.2701],[55.3159,25.2671],[55.3122,25.262],[55.3078,25.2655],[55.3033,25.2674]]]}},{"type":"Feature","id":114,"properties":{"id":"114","name":"Al Buteen","official":"AL BUTEEN","psf_12m":null,"growth_12m":7.9,"sales_12m":7,"offplan_12m":null,"financed_12m":null,"psf_3y":null,"growth_3y":-16.8,"sales_3y":9,"offplan_3y":null,"financed_3y":null,"psf_5y":null,"growth_5y":-11.4,"sales_5y":15,"offplan_5y":null,"financed_5y":null,"psf_10y":6336,"growth_10y":-21.7,"sales_10y":24,"offplan_10y":0,"financed_10y":125},"geometry":{"type":"Polygon","coordinates":[[[55.2979,25.2673],[55.2973,25.2692],[55.3005,25.2708],[55.3024,25.2683],[55.3018,25.2671],[55.2979,25.2673]]]}},{"type":"Feature","id":861,"properties":{"id":"861","name":"Yaraah","official":"YARAAH","psf_12m":null,"growth_12m":null,"sales_12m":null,"offplan_12m":null,"financed_12m":null,"psf_3y":null,"growth_3y":null,"sales_3y":1,"offplan_3y":null,"financed_3y":null,"psf_5y":null,"growth_5y":null,"sales_5y":1,"offplan_5y":null,"financed_5y":null,"psf_10y":null,"growth_10y":null,"sales_10y":1,"offplan_10y":null,"financed_10y":null},"geometry":{"type":"Polygon","coordinates":[[[55.6218,24.7199],[55.6198,24.7285],[55.6018,24.7717],[55.6432,24.785],[55.7235,24.8084],[55.7371,24.7573],[55.7206,24.7503],[55.6218,24.7199]]]}},{"type":"Feature","id":925,"properties":{"id":"925","name":"Al Yalayis 5","official":"AL YALAYIS 5","psf_12m":1481,"growth_12m":null,"sales_12m":925,"offplan_12m":0,"financed_12m":29,"psf_3y":1481,"growth_3y":null,"sales_3y":926,"offplan_3y":0,"financed_3y":57,"psf_5y":1481,"growth_5y":null,"sales_5y":926,"offplan_5y":0,"financed_5y":59,"psf_10y":1481,"growth_10y":null,"sales_10y":926,"offplan_10y":0,"financed_10y":59},"geometry":{"type":"Polygon","coordinates":[[[55.2848,24.9858],[55.3008,24.9762],[55.3057,24.9738],[55.2945,24.9637],[55.2931,24.9613],[55.2921,24.9571],[55.2614,24.95],[55.2485,24.951],[55.2344,24.9538],[55.2399,24.9759],[55.2444,24.9858],[55.249,24.992],[55.2601,25.0027],[55.2718,24.9941],[55.2848,24.9858]]]}},{"type":"Feature","id":244,"properties":{"id":"244","name":"Muhaisanah Third","official":"MUHAISANAH THIRD","psf_12m":null,"growth_12m":16.6,"sales_12m":8,"offplan_12m":null,"financed_12m":null,"psf_3y":203,"growth_3y":19.9,"sales_3y":25,"offplan_3y":0,"financed_3y":124,"psf_5y":200,"growth_5y":15.5,"sales_5y":41,"offplan_5y":0,"financed_5y":139,"psf_10y":180,"growth_10y":-3.1,"sales_10y":69,"offplan_10y":0,"financed_10y":168},"geometry":{"type":"Polygon","coordinates":[[[55.4093,25.2735],[55.4152,25.2701],[55.4099,25.2638],[55.3963,25.271],[55.3967,25.2808],[55.4093,25.2735]]]}},{"type":"Feature","id":598,"properties":{"id":"598","name":"Dubai Investment Park First","official":"DUBAI INVESTMENT PARK FIRST","psf_12m":1110,"growth_12m":26.2,"sales_12m":1839,"offplan_12m":84,"financed_12m":10,"psf_3y":1008,"growth_3y":29.6,"sales_3y":3173,"offplan_3y":72,"financed_3y":19,"psf_5y":944,"growth_5y":38.3,"sales_5y":3990,"offplan_5y":66,"financed_5y":24,"psf_10y":868,"growth_10y":67.1,"sales_10y":5868,"offplan_10y":53,"financed_10y":29},"geometry":{"type":"Polygon","coordinates":[[[55.1846,24.9975],[55.1879,24.9962],[55.1858,24.9903],[55.1856,24.9821],[55.182,24.9644],[55.1609,24.9691],[55.1423,24.975],[55.1459,24.992],[55.1481,24.9994],[55.1525,25.0089],[55.1582,25.0173],[55.1638,25.0141],[55.1701,25.0073],[55.1746,25.0033],[55.1846,24.9975]]]}},{"type":"Feature","id":621,"properties":{"id":"621","name":"International City","official":"WARSAN FIRST","psf_12m":766,"growth_12m":18.9,"sales_12m":2269,"offplan_12m":30,"financed_12m":13,"psf_3y":639,"growth_3y":36,"sales_3y":7017,"offplan_3y":12,"financed_3y":11,"psf_5y":598,"growth_5y":-3.5,"sales_5y":11377,"offplan_5y":11,"financed_5y":10,"psf_10y":605,"growth_10y":6.8,"sales_10y":19570,"offplan_10y":14,"financed_10y":11},"geometry":{"type":"Polygon","coordinates":[[[55.4012,25.1789],[55.4276,25.1742],[55.4234,25.1549],[55.4171,25.1491],[55.3974,25.1567],[55.3911,25.1605],[55.3954,25.1722],[55.3971,25.18],[55.4012,25.1789]]]}},{"type":"Feature","id":129,"properties":{"id":"129","name":"Port Saeed","official":"PORT SAEED","psf_12m":1503,"growth_12m":-0.9,"sales_12m":21,"offplan_12m":0,"financed_12m":62,"psf_3y":1625,"growth_3y":30,"sales_3y":58,"offplan_3y":0,"financed_3y":55,"psf_5y":1523,"growth_5y":0.8,"sales_5y":74,"offplan_5y":0,"financed_5y":70,"psf_10y":1516,"growth_10y":1,"sales_10y":147,"offplan_10y":0,"financed_10y":108},"geometry":{"type":"Polygon","coordinates":[[[55.3328,25.2621],[55.3336,25.261],[55.3364,25.2636],[55.3373,25.2588],[55.3365,25.2526],[55.3367,25.2496],[55.3407,25.2393],[55.3401,25.2365],[55.3385,25.2346],[55.3373,25.2363],[55.3353,25.2376],[55.3323,25.2419],[55.3317,25.2439],[55.3322,25.2441],[55.332,25.2435],[55.3325,25.2442],[55.3325,25.2457],[55.3313,25.2453],[55.3319,25.2451],[55.3313,25.2451],[55.3315,25.2442],[55.3312,25.2453],[55.3307,25.2452],[55.3312,25.2453],[55.3309,25.2465],[55.3291,25.2488],[55.3275,25.2501],[55.3269,25.2494],[55.3256,25.2497],[55.3251,25.2501],[55.3259,25.2509],[55.322,25.2529],[55.3266,25.2589],[55.3296,25.264],[55.3328,25.2621]]]}},{"type":"Feature","id":924,"properties":{"id":"924","name":"Al Yalayis 4","official":"AL YALAYIS 4","psf_12m":null,"growth_12m":null,"sales_12m":null,"offplan_12m":null,"financed_12m":null,"psf_3y":null,"growth_3y":null,"sales_3y":null,"offplan_3y":null,"financed_3y":null,"psf_5y":null,"growth_5y":null,"sales_5y":null,"offplan_5y":null,"financed_5y":null,"psf_10y":null,"growth_10y":null,"sales_10y":null,"offplan_10y":null,"financed_10y":null},"geometry":{"type":"Polygon","coordinates":[[[55.3395,24.9662],[55.342,24.9581],[55.3433,24.9499],[55.3352,24.9501],[55.3142,24.9524],[55.2921,24.9571],[55.2931,24.9613],[55.2945,24.9637],[55.3031,24.9711],[55.3124,24.9817],[55.321,24.9892],[55.3284,24.983],[55.3313,24.9797],[55.3352,24.9747],[55.3395,24.9662]]]}},{"type":"Feature","id":674,"properties":{"id":"674","name":"Al Hebiah First","official":"AL HEBIAH FIRST","psf_12m":1793,"growth_12m":-5.4,"sales_12m":4334,"offplan_12m":77,"financed_12m":15,"psf_3y":1870,"growth_3y":162.3,"sales_3y":10766,"offplan_3y":76,"financed_3y":14,"psf_5y":1840,"growth_5y":111.3,"sales_5y":11800,"offplan_5y":71,"financed_5y":18,"psf_10y":1747,"growth_10y":134,"sales_10y":13201,"offplan_10y":64,"financed_10y":25},"geometry":{"type":"Polygon","coordinates":[[[55.2518,25.0459],[55.232,25.0345],[55.2266,25.0441],[55.2235,25.0519],[55.2317,25.054],[55.2494,25.056],[55.2497,25.0515],[55.2518,25.0459]]]}},{"type":"Feature","id":271,"properties":{"id":"271","name":"Wadi Alamardi","official":"WADI ALAMARDI","psf_12m":null,"growth_12m":3.6,"sales_12m":6,"offplan_12m":null,"financed_12m":null,"psf_3y":null,"growth_3y":-8.3,"sales_3y":21,"offplan_3y":null,"financed_3y":null,"psf_5y":null,"growth_5y":-29.6,"sales_5y":31,"offplan_5y":null,"financed_5y":null,"psf_10y":null,"growth_10y":41.7,"sales_10y":45,"offplan_10y":null,"financed_10y":null},"geometry":{"type":"Polygon","coordinates":[[[55.4926,25.1854],[55.4645,25.1898],[55.4645,25.1967],[55.4609,25.2031],[55.4604,25.2054],[55.4649,25.2286],[55.5036,25.223],[55.5083,25.2121],[55.5257,25.1935],[55.5285,25.1919],[55.5324,25.1911],[55.5151,25.1777],[55.5116,25.1798],[55.504,25.1826],[55.4926,25.1854]]]}},{"type":"Feature","id":665,"properties":{"id":"665","name":"Dubailand / Al Barari","official":"WADI AL SAFA 7","psf_12m":1346,"growth_12m":6.1,"sales_12m":972,"offplan_12m":34,"financed_12m":71,"psf_3y":1232,"growth_3y":52.3,"sales_3y":5428,"offplan_3y":38,"financed_3y":47,"psf_5y":1073,"growth_5y":48.8,"sales_5y":7915,"offplan_5y":42,"financed_5y":48,"psf_10y":959,"growth_10y":19.9,"sales_10y":11264,"offplan_10y":50,"financed_10y":45},"geometry":{"type":"Polygon","coordinates":[[[55.3088,25.0494],[55.2816,25.0222],[55.2665,25.0303],[55.26,25.0354],[55.3012,25.0583],[55.3088,25.0494]]]}},{"type":"Feature","id":333,"properties":{"id":"333","name":"Al Bada'","official":"AL BADA'","psf_12m":1510,"growth_12m":55.3,"sales_12m":38,"offplan_12m":0,"financed_12m":58,"psf_3y":1032,"growth_3y":-2.9,"sales_3y":137,"offplan_3y":0,"financed_3y":37,"psf_5y":1030,"growth_5y":-4.6,"sales_5y":194,"offplan_5y":0,"financed_5y":41,"psf_10y":1053,"growth_10y":19.6,"sales_10y":316,"offplan_10y":0,"financed_10y":49},"geometry":{"type":"Polygon","coordinates":[[[55.2757,25.2372],[55.2788,25.2351],[55.2783,25.2341],[55.2789,25.2337],[55.2611,25.2101],[55.2573,25.2121],[55.2656,25.2248],[55.2725,25.239],[55.2757,25.2372]]]}},{"type":"Feature","id":121,"properties":{"id":"121","name":"Corniche Deira","official":"CORNICHE DEIRA","psf_12m":null,"growth_12m":null,"sales_12m":null,"offplan_12m":null,"financed_12m":null,"psf_3y":null,"growth_3y":null,"sales_3y":null,"offplan_3y":null,"financed_3y":null,"psf_5y":null,"growth_5y":null,"sales_5y":null,"offplan_5y":null,"financed_5y":null,"psf_10y":null,"growth_10y":null,"sales_10y":null,"offplan_10y":null,"financed_10y":null},"geometry":{"type":"Polygon","coordinates":[[[55.3253,25.2946],[55.3276,25.2926],[55.3186,25.2848],[55.3101,25.2799],[55.3084,25.283],[55.317,25.2886],[55.325,25.2949],[55.3253,25.2946]]]}},{"type":"Feature","id":282,"properties":{"id":"282","name":"Al Khwaneej Second","official":"AL KHWANEEJ SECOND","psf_12m":null,"growth_12m":1,"sales_12m":7,"offplan_12m":null,"financed_12m":null,"psf_3y":315,"growth_3y":34,"sales_3y":23,"offplan_3y":0,"financed_3y":2713,"psf_5y":265,"growth_5y":15.1,"sales_5y":41,"offplan_5y":0,"financed_5y":2668,"psf_10y":248,"growth_10y":17.6,"sales_10y":62,"offplan_10y":0,"financed_10y":3540},"geometry":{"type":"Polygon","coordinates":[[[55.5494,25.2311],[55.525,25.2159],[55.5129,25.207],[55.5083,25.2121],[55.5036,25.223],[55.5034,25.2303],[55.5116,25.2528],[55.5302,25.2455],[55.5371,25.2392],[55.5494,25.2311]]]}},{"type":"Feature","id":611,"properties":{"id":"611","name":"Bu Kadra","official":"BU KADRA","psf_12m":2500,"growth_12m":3.1,"sales_12m":2924,"offplan_12m":99,"financed_12m":1,"psf_3y":2425,"growth_3y":250.2,"sales_3y":10399,"offplan_3y":98,"financed_3y":0,"psf_5y":2425,"growth_5y":37.2,"sales_5y":10401,"offplan_5y":98,"financed_5y":0,"psf_10y":2425,"growth_10y":21.3,"sales_10y":10418,"offplan_10y":98,"financed_10y":0},"geometry":{"type":"Polygon","coordinates":[[[55.3325,25.1696],[55.3285,25.1696],[55.326,25.1682],[55.3165,25.18],[55.3251,25.1841],[55.3294,25.1849],[55.3295,25.18],[55.3326,25.1755],[55.3325,25.1696]]]}},{"type":"Feature","id":317,"properties":{"id":"317","name":"Mankhool","official":"MANKHOOL","psf_12m":null,"growth_12m":82.6,"sales_12m":7,"offplan_12m":null,"financed_12m":null,"psf_3y":2300,"growth_3y":358.7,"sales_3y":37,"offplan_3y":0,"financed_3y":138,"psf_5y":705,"growth_5y":-64.7,"sales_5y":55,"offplan_5y":0,"financed_5y":149,"psf_10y":1793,"growth_10y":17.6,"sales_10y":80,"offplan_10y":0,"financed_10y":199},"geometry":{"type":"Polygon","coordinates":[[[55.302,25.2559],[55.3043,25.2548],[55.2954,25.2397],[55.2877,25.2438],[55.2849,25.2466],[55.2975,25.2583],[55.302,25.2559]]]}},{"type":"Feature","id":263,"properties":{"id":"263","name":"Al Mizhar Second","official":"AL MIZHAR SECOND","psf_12m":null,"growth_12m":26.5,"sales_12m":19,"offplan_12m":null,"financed_12m":null,"psf_3y":300,"growth_3y":23.8,"sales_3y":43,"offplan_3y":0,"financed_3y":191,"psf_5y":294,"growth_5y":20.1,"sales_5y":65,"offplan_5y":0,"financed_5y":206,"psf_10y":258,"growth_10y":17.1,"sales_10y":115,"offplan_10y":0,"financed_10y":190},"geometry":{"type":"Polygon","coordinates":[[[55.4694,25.2552],[55.4687,25.2474],[55.4649,25.2286],[55.4509,25.2308],[55.4559,25.2576],[55.4694,25.2552]]]}},{"type":"Feature","id":735,"properties":{"id":"735","name":"Al Meryal","official":"AL MERYAL","psf_12m":null,"growth_12m":null,"sales_12m":null,"offplan_12m":null,"financed_12m":null,"psf_3y":null,"growth_3y":null,"sales_3y":null,"offplan_3y":null,"financed_3y":null,"psf_5y":null,"growth_5y":null,"sales_5y":null,"offplan_5y":null,"financed_5y":null,"psf_10y":null,"growth_10y":null,"sales_10y":null,"offplan_10y":null,"financed_10y":null},"geometry":{"type":"Polygon","coordinates":[[[55.6623,25.044],[55.6457,25.0432],[55.6393,25.0401],[55.6321,25.0761],[55.63,25.0777],[55.6283,25.0951],[55.6483,25.0983],[55.6525,25.0998],[55.6624,25.0524],[55.6623,25.044]]]}},{"type":"Feature","id":513,"properties":{"id":"513","name":"Saih Shuaib 1","official":"SAIH SHUAIB 1","psf_12m":2085,"growth_12m":658.3,"sales_12m":632,"offplan_12m":61,"financed_12m":7,"psf_3y":301,"growth_3y":147.1,"sales_3y":1563,"offplan_3y":25,"financed_3y":10,"psf_5y":265,"growth_5y":112,"sales_5y":1900,"offplan_5y":20,"financed_5y":10,"psf_10y":254,"growth_10y":103.2,"sales_10y":2292,"offplan_10y":17,"financed_10y":12},"geometry":{"type":"Polygon","coordinates":[[[54.9467,24.9041],[54.9589,24.9111],[55.0102,24.9291],[55.0209,24.9168],[55.0282,24.9112],[55.0548,24.8964],[55.0608,24.8918],[55.0095,24.8591],[54.9404,24.8976],[54.9467,24.9041]]]}},{"type":"Feature","id":813,"properties":{"id":"813","name":"Al Rowaiyah Second","official":"AL ROWAIYAH SECOND","psf_12m":null,"growth_12m":null,"sales_12m":null,"offplan_12m":null,"financed_12m":null,"psf_3y":null,"growth_3y":null,"sales_3y":null,"offplan_3y":null,"financed_3y":null,"psf_5y":null,"growth_5y":null,"sales_5y":null,"offplan_5y":null,"financed_5y":null,"psf_10y":null,"growth_10y":null,"sales_10y":null,"offplan_10y":null,"financed_10y":null},"geometry":{"type":"Polygon","coordinates":[[[55.4149,25.103],[55.3948,25.0888],[55.3921,25.0875],[55.3789,25.1034],[55.4082,25.1252],[55.4108,25.1222],[55.4117,25.1198],[55.4115,25.117],[55.4093,25.1123],[55.4095,25.1098],[55.4149,25.103]]]}},{"type":"Feature","id":922,"properties":{"id":"922","name":"Al Yalayis 2","official":"AL YALAYIS 2","psf_12m":1514,"growth_12m":13.6,"sales_12m":2236,"offplan_12m":54,"financed_12m":62,"psf_3y":1255,"growth_3y":38.1,"sales_3y":7924,"offplan_3y":60,"financed_3y":45,"psf_5y":1175,"growth_5y":65.2,"sales_5y":11251,"offplan_5y":64,"financed_5y":39,"psf_10y":1053,"growth_10y":27.4,"sales_10y":16631,"offplan_10y":63,"financed_10y":40},"geometry":{"type":"Polygon","coordinates":[[[55.3058,24.9996],[55.321,24.9892],[55.3124,24.9817],[55.3057,24.9738],[55.2946,24.9798],[55.2718,24.9941],[55.2601,25.0028],[55.2816,25.0222],[55.2972,25.0066],[55.3058,24.9996]]]}},{"type":"Feature","id":242,"properties":{"id":"242","name":"Al Qusais Industrial First","official":"AL QUSAIS IND. FIRST","psf_12m":null,"growth_12m":-56.4,"sales_12m":2,"offplan_12m":null,"financed_12m":null,"psf_3y":null,"growth_3y":null,"sales_3y":4,"offplan_3y":null,"financed_3y":null,"psf_5y":null,"growth_5y":16.9,"sales_5y":4,"offplan_5y":null,"financed_5y":null,"psf_10y":null,"growth_10y":-23,"sales_10y":9,"offplan_10y":null,"financed_10y":null},"geometry":{"type":"Polygon","coordinates":[[[55.3902,25.2947],[55.3948,25.292],[55.3847,25.2777],[55.3784,25.2814],[55.3884,25.2957],[55.3902,25.2947]]]}},{"type":"Feature","id":133,"properties":{"id":"133","name":"Hor Al Anz East","official":"HOR AL ANZ EAST","psf_12m":null,"growth_12m":5.8,"sales_12m":7,"offplan_12m":null,"financed_12m":null,"psf_3y":null,"growth_3y":-8.2,"sales_3y":19,"offplan_3y":null,"financed_3y":null,"psf_5y":233,"growth_5y":-18.2,"sales_5y":29,"offplan_5y":0,"financed_5y":114,"psf_10y":255,"growth_10y":-30.9,"sales_10y":51,"offplan_10y":0,"financed_10y":118},"geometry":{"type":"Polygon","coordinates":[[[55.3557,25.281],[55.3494,25.2752],[55.3386,25.2838],[55.3454,25.2902],[55.3557,25.281]]]}},{"type":"Feature","id":111,"properties":{"id":"111","name":"Al Corniche","official":"AL CORNICHE","psf_12m":null,"growth_12m":null,"sales_12m":null,"offplan_12m":null,"financed_12m":null,"psf_3y":null,"growth_3y":null,"sales_3y":null,"offplan_3y":null,"financed_3y":null,"psf_5y":null,"growth_5y":null,"sales_5y":null,"offplan_5y":null,"financed_5y":null,"psf_10y":null,"growth_10y":null,"sales_10y":1,"offplan_10y":null,"financed_10y":null},"geometry":{"type":"Polygon","coordinates":[[[55.31,25.2806],[55.3101,25.2799],[55.3023,25.2755],[55.2958,25.273],[55.2949,25.276],[55.3084,25.283],[55.31,25.2806]]]}},{"type":"Feature","id":425,"properties":{"id":"425","name":"Al Warqa'A Fifth","official":"AL WARQA'A FIFTH","psf_12m":null,"growth_12m":null,"sales_12m":null,"offplan_12m":null,"financed_12m":null,"psf_3y":null,"growth_3y":null,"sales_3y":null,"offplan_3y":null,"financed_3y":null,"psf_5y":null,"growth_5y":null,"sales_5y":null,"offplan_5y":null,"financed_5y":null,"psf_10y":null,"growth_10y":null,"sales_10y":null,"offplan_10y":null,"financed_10y":null},"geometry":{"type":"Polygon","coordinates":[[[55.4645,25.1898],[55.4601,25.168],[55.4427,25.1713],[55.4462,25.1865],[55.4498,25.193],[55.455,25.1912],[55.4645,25.1898]]]}},{"type":"Feature","id":366,"properties":{"id":"366","name":"Umm Suqeim Third","official":"UMM SUQEIM THIRD","psf_12m":2798,"growth_12m":3.1,"sales_12m":467,"offplan_12m":68,"financed_12m":18,"psf_3y":2720,"growth_3y":29.3,"sales_3y":1666,"offplan_3y":74,"financed_3y":13,"psf_5y":2387,"growth_5y":44.9,"sales_5y":3514,"offplan_5y":80,"financed_5y":8,"psf_10y":2266,"growth_10y":251.2,"sales_10y":4257,"offplan_10y":82,"financed_10y":7},"geometry":{"type":"Polygon","coordinates":[[[55.1863,25.1393],[55.1862,25.1406],[55.1849,25.1402],[55.1831,25.1414],[55.1824,25.1427],[55.1832,25.1435],[55.1846,25.1432],[55.1865,25.1418],[55.1866,25.1406],[55.188,25.1428],[55.1875,25.1444],[55.1866,25.1444],[55.1874,25.145],[55.1873,25.1469],[55.1894,25.1493],[55.1928,25.1466],[55.1936,25.1475],[55.1943,25.1472],[55.2045,25.1401],[55.195,25.128],[55.1876,25.1331],[55.1877,25.1363],[55.1867,25.1357],[55.185,25.1368],[55.1863,25.1393]]]}},{"type":"Feature","id":412,"properties":{"id":"412","name":"Ras Al Khor","official":"AL KHEERAN","psf_12m":1533,"growth_12m":-3.3,"sales_12m":40,"offplan_12m":0,"financed_12m":63,"psf_3y":1400,"growth_3y":28,"sales_3y":206,"offplan_3y":0,"financed_3y":41,"psf_5y":1345,"growth_5y":22.5,"sales_5y":287,"offplan_5y":0,"financed_5y":46,"psf_10y":1219,"growth_10y":-3.9,"sales_10y":518,"offplan_10y":0,"financed_10y":46},"geometry":{"type":"Polygon","coordinates":[[[55.362,25.2246],[55.376,25.2175],[55.3754,25.2174],[55.3764,25.206],[55.3754,25.2008],[55.3735,25.2019],[55.3741,25.204],[55.3513,25.2098],[55.3479,25.2172],[55.3483,25.2226],[55.3471,25.2273],[55.3432,25.2318],[55.3385,25.2346],[55.3405,25.2376],[55.3402,25.241],[55.3492,25.2346],[55.3549,25.2284],[55.362,25.2246]]]}},{"type":"Feature","id":266,"properties":{"id":"266","name":"Al Mizhar Third","official":"AL MIZHAR THIRD","psf_12m":null,"growth_12m":17.1,"sales_12m":1,"offplan_12m":null,"financed_12m":null,"psf_3y":null,"growth_3y":15,"sales_3y":6,"offplan_3y":null,"financed_3y":null,"psf_5y":null,"growth_5y":21,"sales_5y":9,"offplan_5y":null,"financed_5y":null,"psf_10y":270,"growth_10y":28.7,"sales_10y":23,"offplan_10y":0,"financed_10y":1335},"geometry":{"type":"Polygon","coordinates":[[[55.4726,25.2697],[55.4694,25.2552],[55.4559,25.2576],[55.4576,25.2666],[55.4611,25.2741],[55.4726,25.2697]]]}},{"type":"Feature","id":347,"properties":{"id":"347","name":"Nad Al Sheba / Meydan","official":"AL MERKADH","psf_12m":2076,"growth_12m":0.2,"sales_12m":2970,"offplan_12m":23,"financed_12m":46,"psf_3y":1936,"growth_3y":13.9,"sales_3y":17282,"offplan_3y":57,"financed_3y":24,"psf_5y":1850,"growth_5y":23.3,"sales_5y":28291,"offplan_5y":66,"financed_5y":16,"psf_10y":1761,"growth_10y":22.1,"sales_10y":35609,"offplan_10y":71,"financed_10y":14},"geometry":{"type":"Polygon","coordinates":[[[55.2939,25.1832],[55.3165,25.18],[55.324,25.1706],[55.3097,25.1699],[55.3066,25.1691],[55.3039,25.1669],[55.3034,25.1657],[55.3025,25.1657],[55.2926,25.1567],[55.2932,25.1562],[55.2929,25.1556],[55.2912,25.1557],[55.2887,25.1541],[55.2876,25.1552],[55.2843,25.1525],[55.2824,25.1519],[55.28,25.1541],[55.2779,25.1584],[55.2763,25.1602],[55.2674,25.1684],[55.2742,25.1754],[55.2801,25.1796],[55.287,25.1824],[55.2939,25.1832]]]}},{"type":"Feature","id":234,"properties":{"id":"234","name":"Al Twar Fourth","official":"AL TWAR FOURTH","psf_12m":289,"growth_12m":13.6,"sales_12m":32,"offplan_12m":0,"financed_12m":28,"psf_3y":274,"growth_3y":21.2,"sales_3y":63,"offplan_3y":0,"financed_3y":60,"psf_5y":267,"growth_5y":27.2,"sales_5y":80,"offplan_5y":0,"financed_5y":65,"psf_10y":260,"growth_10y":7.3,"sales_10y":108,"offplan_10y":0,"financed_10y":74},"geometry":{"type":"Polygon","coordinates":[[[55.4006,25.2685],[55.4099,25.2638],[55.4056,25.2517],[55.3897,25.2611],[55.3963,25.271],[55.4006,25.2685]]]}},{"type":"Feature","id":826,"properties":{"id":"826","name":"Le Hemaira","official":"LE HEMAIRA","psf_12m":null,"growth_12m":null,"sales_12m":null,"offplan_12m":null,"financed_12m":null,"psf_3y":null,"growth_3y":null,"sales_3y":null,"offplan_3y":null,"financed_3y":null,"psf_5y":null,"growth_5y":null,"sales_5y":null,"offplan_5y":null,"financed_5y":null,"psf_10y":null,"growth_10y":null,"sales_10y":null,"offplan_10y":null,"financed_10y":null},"geometry":{"type":"Polygon","coordinates":[[[55.5253,25.0762],[55.5254,25.066],[55.5066,25.0659],[55.5071,25.0103],[55.5259,25.0128],[55.5258,25.0124],[55.4998,25.0087],[55.4703,25.007],[55.4658,25.0048],[55.443,25.0335],[55.4377,25.0395],[55.4494,25.0409],[55.4552,25.0407],[55.4654,25.0386],[55.4916,25.0358],[55.4919,25.0376],[55.4985,25.0483],[55.4986,25.0585],[55.5009,25.0764],[55.5253,25.0762]]]}},{"type":"Feature","id":533,"properties":{"id":"533","name":"Saih Shuaib 4","official":"SAIH SHUAIB 4","psf_12m":167,"growth_12m":40.2,"sales_12m":49,"offplan_12m":0,"financed_12m":63,"psf_3y":140,"growth_3y":6.5,"sales_3y":246,"offplan_3y":0,"financed_3y":26,"psf_5y":138,"growth_5y":15.9,"sales_5y":328,"offplan_5y":0,"financed_5y":26,"psf_10y":125,"growth_10y":4.5,"sales_10y":508,"offplan_10y":0,"financed_10y":25},"geometry":{"type":"Polygon","coordinates":[[[55.1288,24.826],[55.0833,24.7966],[55.0629,24.821],[55.1094,24.8511],[55.1288,24.826]]]}},{"type":"Feature","id":388,"properties":{"id":"388","name":"Emirates Hills / The Greens","official":"AL THANYAH THIRD","psf_12m":1919,"growth_12m":9,"sales_12m":626,"offplan_12m":6,"financed_12m":90,"psf_3y":1720,"growth_3y":47.7,"sales_3y":2364,"offplan_3y":5,"financed_3y":80,"psf_5y":1568,"growth_5y":41.5,"sales_5y":4207,"offplan_5y":9,"financed_5y":70,"psf_10y":1375,"growth_10y":32.3,"sales_10y":6774,"offplan_10y":8,"financed_10y":75},"geometry":{"type":"Polygon","coordinates":[[[55.174,25.0934],[55.1762,25.0912],[55.1729,25.0856],[55.1729,25.0831],[55.1736,25.0818],[55.175,25.0808],[55.1786,25.0794],[55.1773,25.0773],[55.175,25.0762],[55.1627,25.0753],[55.1595,25.0781],[55.1585,25.0775],[55.1571,25.0787],[55.1566,25.0802],[55.1549,25.0818],[55.1559,25.0828],[55.1558,25.0835],[55.1538,25.0829],[55.1521,25.0843],[55.1688,25.0985],[55.174,25.0934]]]}},{"type":"Feature","id":675,"properties":{"id":"675","name":"Al Hebiah Second","official":"AL HEBIAH SECOND","psf_12m":1496,"growth_12m":3.2,"sales_12m":1755,"offplan_12m":70,"financed_12m":7,"psf_3y":1437,"growth_3y":27.2,"sales_3y":3902,"offplan_3y":75,"financed_3y":8,"psf_5y":1417,"growth_5y":41.6,"sales_5y":4588,"offplan_5y":75,"financed_5y":9,"psf_10y":1393,"growth_10y":38.2,"sales_10y":5003,"offplan_10y":74,"financed_10y":13},"geometry":{"type":"Polygon","coordinates":[[[55.26,25.0354],[55.2396,25.0242],[55.232,25.0345],[55.2518,25.0459],[55.255,25.0409],[55.26,25.0354]]]}},{"type":"Feature","id":384,"properties":{"id":"384","name":"Al Thanyah Second","official":"AL THANYAH SECOND","psf_12m":null,"growth_12m":null,"sales_12m":null,"offplan_12m":null,"financed_12m":null,"psf_3y":null,"growth_3y":null,"sales_3y":null,"offplan_3y":null,"financed_3y":null,"psf_5y":null,"growth_5y":null,"sales_5y":null,"offplan_5y":null,"financed_5y":null,"psf_10y":null,"growth_10y":null,"sales_10y":null,"offplan_10y":null,"financed_10y":null},"geometry":{"type":"Polygon","coordinates":[[[55.2102,25.0769],[55.1987,25.0637],[55.1792,25.0792],[55.1736,25.0818],[55.1729,25.0856],[55.1767,25.0919],[55.1821,25.097],[55.1853,25.093],[55.1885,25.0901],[55.2036,25.0817],[55.2102,25.0769]]]}},{"type":"Feature","id":383,"properties":{"id":"383","name":"Al Thanyah First","official":"AL THANYAH FIRST","psf_12m":1920,"growth_12m":18.2,"sales_12m":353,"offplan_12m":8,"financed_12m":35,"psf_3y":1563,"growth_3y":66.3,"sales_3y":1143,"offplan_3y":10,"financed_3y":27,"psf_5y":1337,"growth_5y":-49.3,"sales_5y":1840,"offplan_5y":6,"financed_5y":28,"psf_10y":1631,"growth_10y":42.4,"sales_10y":3420,"offplan_10y":6,"financed_10y":27},"geometry":{"type":"Polygon","coordinates":[[[55.1819,25.0972],[55.1762,25.0912],[55.1688,25.0985],[55.1769,25.1053],[55.1792,25.1028],[55.1819,25.0972]]]}},{"type":"Feature","id":337,"properties":{"id":"337","name":"Zaa'Beel Second","official":"ZAA'BEEL SECOND","psf_12m":3150,"growth_12m":14.9,"sales_12m":855,"offplan_12m":85,"financed_12m":7,"psf_3y":2835,"growth_3y":27.4,"sales_3y":1976,"offplan_3y":62,"financed_3y":15,"psf_5y":2666,"growth_5y":43.8,"sales_5y":2936,"offplan_5y":62,"financed_5y":13,"psf_10y":2343,"growth_10y":27.4,"sales_10y":4446,"offplan_10y":75,"financed_10y":9},"geometry":{"type":"Polygon","coordinates":[[[55.3056,25.2138],[55.3125,25.2089],[55.3129,25.208],[55.3121,25.2044],[55.3092,25.2001],[55.309,25.1977],[55.3112,25.1874],[55.3165,25.18],[55.2941,25.1832],[55.2936,25.1896],[55.292,25.1929],[55.2896,25.1949],[55.2778,25.2012],[55.2786,25.2037],[55.2737,25.2053],[55.281,25.2166],[55.2846,25.2148],[55.2924,25.2255],[55.3056,25.2138]]]}},{"type":"Feature","id":824,"properties":{"id":"824","name":"Umm Al Daman","official":"UMM AL DAMAN","psf_12m":null,"growth_12m":null,"sales_12m":1,"offplan_12m":null,"financed_12m":null,"psf_3y":null,"growth_3y":null,"sales_3y":1,"offplan_3y":null,"financed_3y":null,"psf_5y":null,"growth_5y":null,"sales_5y":1,"offplan_5y":null,"financed_5y":null,"psf_10y":null,"growth_10y":null,"sales_10y":1,"offplan_10y":null,"financed_10y":null},"geometry":{"type":"Polygon","coordinates":[[[55.4232,25.0793],[55.4526,25.0778],[55.5,25.0768],[55.5009,25.0764],[55.4986,25.0585],[55.4985,25.0483],[55.4919,25.0376],[55.4916,25.0358],[55.4654,25.0386],[55.4552,25.0407],[55.4494,25.0409],[55.4377,25.0395],[55.4314,25.0464],[55.4155,25.0601],[55.4012,25.0764],[55.4032,25.0778],[55.4093,25.0796],[55.4232,25.0793]]]}},{"type":"Feature","id":923,"properties":{"id":"923","name":"Al Yalayis 3","official":"AL YALAYIS 3","psf_12m":null,"growth_12m":null,"sales_12m":null,"offplan_12m":null,"financed_12m":null,"psf_3y":null,"growth_3y":null,"sales_3y":null,"offplan_3y":null,"financed_3y":null,"psf_5y":null,"growth_5y":null,"sales_5y":null,"offplan_5y":null,"financed_5y":null,"psf_10y":null,"growth_10y":null,"sales_10y":null,"offplan_10y":null,"financed_10y":null},"geometry":{"type":"Polygon","coordinates":[[[55.3633,24.9643],[55.3652,24.9574],[55.3662,24.9499],[55.3433,24.9499],[55.3406,24.9633],[55.3352,24.9747],[55.3284,24.983],[55.321,24.9892],[55.3302,24.9985],[55.3355,25.0014],[55.3395,24.9963],[55.3481,24.9887],[55.3543,24.9816],[55.3595,24.9733],[55.3633,24.9643]]]}},{"type":"Feature","id":831,"properties":{"id":"831","name":"Lehbab Second","official":"LEHBAB SECOND","psf_12m":null,"growth_12m":null,"sales_12m":null,"offplan_12m":null,"financed_12m":null,"psf_3y":null,"growth_3y":32.7,"sales_3y":3,"offplan_3y":null,"financed_3y":null,"psf_5y":null,"growth_5y":32.7,"sales_5y":5,"offplan_5y":null,"financed_5y":null,"psf_10y":null,"growth_10y":56,"sales_10y":11,"offplan_10y":null,"financed_10y":null},"geometry":{"type":"Polygon","coordinates":[[[55.5648,25.0719],[55.5804,25.0597],[55.5823,25.0567],[55.586,25.0445],[55.5882,25.0406],[55.5918,25.0364],[55.6075,25.0291],[55.618,25.0231],[55.5805,24.9881],[55.5356,24.9661],[55.5513,25.015],[55.5518,25.021],[55.5455,25.0177],[55.5366,25.0144],[55.5297,25.0129],[55.5071,25.0103],[55.5066,25.0659],[55.5254,25.066],[55.5253,25.0762],[55.5469,25.0753],[55.5504,25.073],[55.5559,25.0789],[55.5648,25.0719]]]}},{"type":"Feature","id":284,"properties":{"id":"284","name":"Al Ttay","official":"AL TTAY","psf_12m":272,"growth_12m":-18.4,"sales_12m":46,"offplan_12m":0,"financed_12m":4,"psf_3y":272,"growth_3y":-72.8,"sales_3y":52,"offplan_3y":0,"financed_3y":12,"psf_5y":274,"growth_5y":-15.4,"sales_5y":55,"offplan_5y":0,"financed_5y":15,"psf_10y":275,"growth_10y":-71.1,"sales_10y":69,"offplan_10y":0,"financed_10y":38},"geometry":{"type":"Polygon","coordinates":[[[55.5646,25.2348],[55.5605,25.2261],[55.5537,25.2289],[55.5453,25.2336],[55.5371,25.2392],[55.5302,25.2455],[55.5116,25.2528],[55.5122,25.2547],[55.5646,25.2348]]]}},{"type":"Feature","id":125,"properties":{"id":"125","name":"Riggat Al Buteen","official":"RIGGAT AL BUTEEN","psf_12m":null,"growth_12m":3,"sales_12m":11,"offplan_12m":null,"financed_12m":null,"psf_3y":822,"growth_3y":26.5,"sales_3y":26,"offplan_3y":0,"financed_3y":31,"psf_5y":737,"growth_5y":-9.9,"sales_5y":51,"offplan_5y":0,"financed_5y":22,"psf_10y":769,"growth_10y":-17.3,"sales_10y":90,"offplan_10y":0,"financed_10y":27},"geometry":{"type":"Polygon","coordinates":[[[55.3195,25.2615],[55.3264,25.2587],[55.322,25.2529],[55.3149,25.2576],[55.315,25.2593],[55.3122,25.262],[55.3143,25.2645],[55.3195,25.2615]]]}},{"type":"Feature","id":835,"properties":{"id":"835","name":"Umm Al Mo'Meneen","official":"UMM AL MO'MENEEN","psf_12m":null,"growth_12m":null,"sales_12m":null,"offplan_12m":null,"financed_12m":null,"psf_3y":null,"growth_3y":null,"sales_3y":null,"offplan_3y":null,"financed_3y":null,"psf_5y":null,"growth_5y":null,"sales_5y":null,"offplan_5y":null,"financed_5y":null,"psf_10y":null,"growth_10y":null,"sales_10y":null,"offplan_10y":null,"financed_10y":null},"geometry":{"type":"Polygon","coordinates":[[[55.5356,24.9661],[55.5069,24.966],[55.4942,24.9648],[55.4658,25.0048],[55.4703,25.007],[55.4998,25.0087],[55.5297,25.0129],[55.5404,25.0155],[55.5518,25.021],[55.5513,25.015],[55.5356,24.9661]]]}},{"type":"Feature","id":132,"properties":{"id":"132","name":"Al Wuheida","official":"AL WUHEIDA","psf_12m":433,"growth_12m":20.4,"sales_12m":43,"offplan_12m":0,"financed_12m":14,"psf_3y":362,"growth_3y":13.1,"sales_3y":131,"offplan_3y":0,"financed_3y":8,"psf_5y":360,"growth_5y":-11.3,"sales_5y":169,"offplan_5y":0,"financed_5y":13,"psf_10y":363,"growth_10y":-5,"sales_10y":240,"offplan_10y":0,"financed_10y":19},"geometry":{"type":"Polygon","coordinates":[[[55.3454,25.2902],[55.3386,25.2838],[55.3276,25.2926],[55.3358,25.2983],[55.3454,25.2902]]]}},{"type":"Feature","id":247,"properties":{"id":"247","name":"Al Qusais Industrial Fourth","official":"AL QUSAIS IND. FOURTH","psf_12m":null,"growth_12m":5.9,"sales_12m":12,"offplan_12m":null,"financed_12m":null,"psf_3y":681,"growth_3y":6.9,"sales_3y":28,"offplan_3y":0,"financed_3y":39,"psf_5y":680,"growth_5y":-7,"sales_5y":36,"offplan_5y":0,"financed_5y":53,"psf_10y":726,"growth_10y":-51.6,"sales_10y":134,"offplan_10y":0,"financed_10y":73},"geometry":{"type":"Polygon","coordinates":[[[55.4073,25.2944],[55.4009,25.2885],[55.3948,25.292],[55.3967,25.2984],[55.4073,25.2944]]]}},{"type":"Feature","id":248,"properties":{"id":"248","name":"Al Qusais Industrial Fifth","official":"AL QUSAIS IND. FIFTH","psf_12m":600,"growth_12m":0.1,"sales_12m":82,"offplan_12m":0,"financed_12m":2,"psf_3y":600,"growth_3y":214,"sales_3y":86,"offplan_3y":0,"financed_3y":16,"psf_5y":600,"growth_5y":-30.8,"sales_5y":88,"offplan_5y":0,"financed_5y":26,"psf_10y":600,"growth_10y":-60,"sales_10y":93,"offplan_10y":0,"financed_10y":44},"geometry":{"type":"Polygon","coordinates":[[[55.4277,25.2867],[55.4223,25.2785],[55.4131,25.2815],[55.4009,25.2885],[55.4073,25.2944],[55.4277,25.2867]]]}},{"type":"Feature","id":518,"properties":{"id":"518","name":"Jabal Ali Industrial Second","official":"JABAL ALI INDUSTRIAL SECOND","psf_12m":1691,"growth_12m":29.6,"sales_12m":2777,"offplan_12m":94,"financed_12m":3,"psf_3y":1548,"growth_3y":42.9,"sales_3y":4117,"offplan_3y":87,"financed_3y":5,"psf_5y":1497,"growth_5y":18.3,"sales_5y":4460,"offplan_5y":86,"financed_5y":5,"psf_10y":1419,"growth_10y":41.9,"sales_10y":5008,"offplan_10y":85,"financed_10y":6},"geometry":{"type":"Polygon","coordinates":[[[55.1015,24.9854],[55.1202,24.9798],[55.1423,24.975],[55.1367,24.959],[55.1282,24.9442],[55.1172,24.931],[55.1039,24.9196],[55.0664,24.9431],[55.0624,24.947],[55.0672,24.9487],[55.0717,24.9511],[55.0757,24.9541],[55.079,24.9577],[55.0897,24.9757],[55.0918,24.9814],[55.093,24.9876],[55.1015,24.9854]]]}},{"type":"Feature","id":676,"properties":{"id":"676","name":"Dubai Production City","official":"AL HEBIAH THIRD","psf_12m":1694,"growth_12m":25.5,"sales_12m":1964,"offplan_12m":52,"financed_12m":40,"psf_3y":1466,"growth_3y":39.4,"sales_3y":5738,"offplan_3y":39,"financed_3y":43,"psf_5y":1305,"growth_5y":29.7,"sales_5y":9178,"offplan_5y":30,"financed_5y":34,"psf_10y":1231,"growth_10y":28.1,"sales_10y":13006,"offplan_10y":32,"financed_10y":35},"geometry":{"type":"Polygon","coordinates":[[[55.2607,25.0117],[55.2589,25.0112],[55.2544,25.0082],[55.2396,25.0242],[55.26,25.0354],[55.2665,25.0303],[55.2635,25.0263],[55.2642,25.0226],[55.2615,25.0188],[55.262,25.0145],[55.2607,25.0117]]]}},{"type":"Feature","id":413,"properties":{"id":"413","name":"Ras Al Khor","official":"RAS AL KHOR","psf_12m":null,"growth_12m":null,"sales_12m":null,"offplan_12m":null,"financed_12m":null,"psf_3y":3905,"growth_3y":408,"sales_3y":41,"offplan_3y":0,"financed_3y":5,"psf_5y":3905,"growth_5y":280.8,"sales_5y":47,"offplan_5y":0,"financed_5y":4,"psf_10y":1238,"growth_10y":34.6,"sales_10y":77,"offplan_10y":0,"financed_10y":3},"geometry":{"type":"Polygon","coordinates":[[[55.3362,25.2107],[55.3412,25.2052],[55.3403,25.2048],[55.3393,25.2026],[55.34,25.2012],[55.3458,25.1991],[55.3465,25.1854],[55.3279,25.1848],[55.3251,25.1841],[55.3165,25.18],[55.3114,25.1869],[55.3092,25.1963],[55.3146,25.2038],[55.3307,25.2039],[55.3357,25.2062],[55.336,25.2073],[55.3353,25.2079],[55.3362,25.2107]]]}},{"type":"Feature","id":227,"properties":{"id":"227","name":"Al Twar Second","official":"AL TWAR SECOND","psf_12m":null,"growth_12m":21.7,"sales_12m":12,"offplan_12m":null,"financed_12m":null,"psf_3y":291,"growth_3y":1.7,"sales_3y":22,"offplan_3y":0,"financed_3y":27,"psf_5y":288,"growth_5y":29.5,"sales_5y":30,"offplan_5y":0,"financed_5y":47,"psf_10y":277,"growth_10y":12,"sales_10y":43,"offplan_10y":0,"financed_10y":95},"geometry":{"type":"Polygon","coordinates":[[[55.3897,25.2611],[55.3878,25.258],[55.3871,25.2543],[55.3738,25.2621],[55.378,25.2679],[55.3897,25.2611]]]}},{"type":"Feature","id":919,"properties":{"id":"919","name":"Al Yufrah 2","official":"AL YUFRAH 2","psf_12m":null,"growth_12m":null,"sales_12m":null,"offplan_12m":null,"financed_12m":null,"psf_3y":null,"growth_3y":-50.2,"sales_3y":1,"offplan_3y":null,"financed_3y":null,"psf_5y":null,"growth_5y":null,"sales_5y":2,"offplan_5y":null,"financed_5y":null,"psf_10y":null,"growth_10y":null,"sales_10y":2,"offplan_10y":null,"financed_10y":null},"geometry":{"type":"Polygon","coordinates":[[[55.3648,24.9643],[55.3692,24.9655],[55.3756,24.9686],[55.3896,24.9806],[55.3939,24.9836],[55.4009,24.9869],[55.4156,24.9749],[55.4095,24.9659],[55.4029,24.9596],[55.3984,24.9567],[55.3903,24.9529],[55.3837,24.951],[55.3662,24.9499],[55.3653,24.9569],[55.3634,24.964],[55.3648,24.9643]]]}},{"type":"Feature","id":313,"properties":{"id":"313","name":"Al Hamriya","official":"AL HAMRIYA","psf_12m":null,"growth_12m":-25.5,"sales_12m":10,"offplan_12m":null,"financed_12m":null,"psf_3y":1711,"growth_3y":-10.3,"sales_3y":29,"offplan_3y":0,"financed_3y":66,"psf_5y":1769,"growth_5y":-4.7,"sales_5y":47,"offplan_5y":0,"financed_5y":70,"psf_10y":1796,"growth_10y":3.8,"sales_10y":76,"offplan_10y":0,"financed_10y":109},"geometry":{"type":"Polygon","coordinates":[[[55.3011,25.2651],[55.3013,25.2657],[55.3021,25.2656],[55.3057,25.2645],[55.3107,25.2604],[55.3076,25.2589],[55.3043,25.2548],[55.2975,25.2583],[55.3002,25.262],[55.3014,25.2643],[55.3011,25.2651]]]}},{"type":"Feature","id":913,"properties":{"id":"913","name":"Madinat Hind 3","official":"MADINAT HIND 3","psf_12m":null,"growth_12m":null,"sales_12m":null,"offplan_12m":null,"financed_12m":null,"psf_3y":null,"growth_3y":48.8,"sales_3y":2,"offplan_3y":null,"financed_3y":null,"psf_5y":null,"growth_5y":55.6,"sales_5y":4,"offplan_5y":null,"financed_5y":null,"psf_10y":null,"growth_10y":null,"sales_10y":5,"offplan_10y":null,"financed_10y":null},"geometry":{"type":"Polygon","coordinates":[[[55.4077,25.0524],[55.4039,25.0559],[55.4133,25.0626],[55.4314,25.0464],[55.4451,25.0309],[55.4242,25.0125],[55.4131,25.0007],[55.41,24.999],[55.4064,24.9984],[55.4029,24.9988],[55.4061,25.0025],[55.4072,25.0061],[55.4067,25.0343],[55.4098,25.045],[55.4099,25.0473],[55.4093,25.05],[55.4077,25.0524]]]}},{"type":"Feature","id":131,"properties":{"id":"131","name":"Al Hamriya Port","official":"AL HAMRIYA PORT","psf_12m":null,"growth_12m":null,"sales_12m":null,"offplan_12m":null,"financed_12m":null,"psf_3y":null,"growth_3y":null,"sales_3y":null,"offplan_3y":null,"financed_3y":null,"psf_5y":null,"growth_5y":null,"sales_5y":null,"offplan_5y":null,"financed_5y":null,"psf_10y":null,"growth_10y":null,"sales_10y":null,"offplan_10y":null,"financed_10y":null},"geometry":{"type":"Polygon","coordinates":[[[55.3371,25.3078],[55.3382,25.3093],[55.3414,25.3072],[55.3415,25.3066],[55.3404,25.3061],[55.3387,25.3035],[55.3387,25.3012],[55.3357,25.2983],[55.3276,25.2926],[55.3249,25.2953],[55.3349,25.307],[55.3361,25.3063],[55.3371,25.3078]]]}},{"type":"Feature","id":101,"properties":{"id":"101","name":"Nakhlat Deira","official":"NAKHLAT DEIRA","psf_12m":2707,"growth_12m":19.3,"sales_12m":5325,"offplan_12m":98,"financed_12m":0,"psf_3y":2429,"growth_3y":316.1,"sales_3y":10094,"offplan_3y":90,"financed_3y":0,"psf_5y":2420,"growth_5y":297.4,"sales_5y":10199,"offplan_5y":89,"financed_5y":0,"psf_10y":2419,"growth_10y":304.6,"sales_10y":10206,"offplan_10y":89,"financed_10y":0},"geometry":{"type":"Polygon","coordinates":[[[55.3349,25.307],[55.3249,25.2953],[55.3253,25.2946],[55.325,25.2949],[55.3109,25.2845],[55.2949,25.276],[55.2921,25.284],[55.2902,25.2861],[55.2853,25.2982],[55.2825,25.3023],[55.2778,25.3065],[55.2753,25.3064],[55.2717,25.3102],[55.2696,25.3112],[55.2605,25.3096],[55.2532,25.3093],[55.246,25.3103],[55.2384,25.3127],[55.23,25.3164],[55.2227,25.3207],[55.2139,25.3272],[55.2073,25.3331],[55.1972,25.345],[55.194,25.3503],[55.1913,25.3564],[55.1895,25.3628],[55.1889,25.3679],[55.1891,25.3739],[55.1903,25.3792],[55.197,25.3837],[55.2045,25.3868],[55.2133,25.3886],[55.2219,25.3892],[55.2322,25.3884],[55.242,25.3864],[55.2515,25.3833],[55.2604,25.3792],[55.2681,25.3748],[55.2746,25.37],[55.2817,25.3636],[55.2861,25.3579],[55.2949,25.3579],[55.3316,25.3282],[55.3381,25.3283],[55.3413,25.3266],[55.3431,25.3231],[55.3432,25.3183],[55.3397,25.3131],[55.3388,25.3128],[55.3392,25.3109],[55.3371,25.3078],[55.3361,25.3063],[55.3349,25.307]]]}},{"type":"Feature","id":912,"properties":{"id":"912","name":"Madinat Hind 2","official":"MADINAT HIND 2","psf_12m":null,"growth_12m":null,"sales_12m":null,"offplan_12m":null,"financed_12m":null,"psf_3y":null,"growth_3y":null,"sales_3y":null,"offplan_3y":null,"financed_3y":null,"psf_5y":null,"growth_5y":null,"sales_5y":null,"offplan_5y":null,"financed_5y":null,"psf_10y":null,"growth_10y":null,"sales_10y":1,"offplan_10y":null,"financed_10y":null},"geometry":{"type":"Polygon","coordinates":[[[55.3147,25.0424],[55.3142,25.0421],[55.3088,25.0494],[55.3201,25.0585],[55.3278,25.0623],[55.3327,25.064],[55.3586,25.0691],[55.3601,25.0652],[55.3605,25.0597],[55.3613,25.0576],[55.3671,25.0508],[55.335,25.0504],[55.3147,25.0424]]]}},{"type":"Feature","id":921,"properties":{"id":"921","name":"Al Yalayis 1","official":"AL YALAYIS 1","psf_12m":1821,"growth_12m":21.2,"sales_12m":4488,"offplan_12m":77,"financed_12m":9,"psf_3y":1586,"growth_3y":122.2,"sales_3y":11136,"offplan_3y":31,"financed_3y":12,"psf_5y":1563,"growth_5y":130.1,"sales_5y":11712,"offplan_5y":30,"financed_5y":16,"psf_10y":1525,"growth_10y":162,"sales_10y":13566,"offplan_10y":31,"financed_10y":26},"geometry":{"type":"Polygon","coordinates":[[[55.3252,25.0219],[55.3355,25.0014],[55.3302,24.9985],[55.321,24.9892],[55.3058,24.9996],[55.2972,25.0066],[55.2816,25.0222],[55.3088,25.0494],[55.3167,25.0386],[55.3252,25.0219]]]}},{"type":"Feature","id":814,"properties":{"id":"814","name":"Al Rowaiyah Third","official":"AL ROWAIYAH THIRD","psf_12m":null,"growth_12m":null,"sales_12m":null,"offplan_12m":null,"financed_12m":null,"psf_3y":null,"growth_3y":null,"sales_3y":2,"offplan_3y":null,"financed_3y":null,"psf_5y":null,"growth_5y":null,"sales_5y":2,"offplan_5y":null,"financed_5y":null,"psf_10y":null,"growth_10y":null,"sales_10y":3,"offplan_10y":null,"financed_10y":null},"geometry":{"type":"Polygon","coordinates":[[[55.5132,25.1213],[55.5064,25.1146],[55.4992,25.1088],[55.4708,25.0902],[55.4585,25.0777],[55.4113,25.0797],[55.4032,25.0778],[55.4012,25.0764],[55.3921,25.0875],[55.3948,25.0888],[55.4453,25.124],[55.4666,25.14],[55.4894,25.1581],[55.4955,25.1644],[55.5055,25.1639],[55.5104,25.1624],[55.5253,25.1507],[55.5273,25.147],[55.5293,25.1338],[55.5226,25.1338],[55.5226,25.1322],[55.5132,25.1213]]]}},{"type":"Feature","id":821,"properties":{"id":"821","name":"Mereiyeel","official":"MEREIYEEL","psf_12m":null,"growth_12m":null,"sales_12m":null,"offplan_12m":null,"financed_12m":null,"psf_3y":null,"growth_3y":null,"sales_3y":null,"offplan_3y":null,"financed_3y":null,"psf_5y":null,"growth_5y":null,"sales_5y":null,"offplan_5y":null,"financed_5y":null,"psf_10y":null,"growth_10y":null,"sales_10y":null,"offplan_10y":null,"financed_10y":null},"geometry":{"type":"Polygon","coordinates":[[[55.536,25.1116],[55.5485,25.0859],[55.5559,25.0789],[55.5504,25.073],[55.5469,25.0753],[55.4585,25.0777],[55.4708,25.0902],[55.4966,25.1069],[55.5058,25.1141],[55.5126,25.1207],[55.5226,25.1322],[55.5226,25.1338],[55.5293,25.1338],[55.5312,25.1232],[55.536,25.1116]]]}},{"type":"Feature","id":381,"properties":{"id":"381","name":"Palm Jumeirah","official":"NAKHLAT JUMEIRA","psf_12m":3597,"growth_12m":21.5,"sales_12m":1416,"offplan_12m":32,"financed_12m":49,"psf_3y":2990,"growth_3y":25,"sales_3y":4933,"offplan_3y":24,"financed_3y":43,"psf_5y":2828,"growth_5y":79.5,"sales_5y":10691,"offplan_5y":32,"financed_5y":32,"psf_10y":2331,"growth_10y":76.6,"sales_10y":16316,"offplan_10y":32,"financed_10y":36},"geometry":{"type":"Polygon","coordinates":[[[55.1454,25.0932],[55.1449,25.0937],[55.1497,25.0988],[55.1428,25.1045],[55.1377,25.0992],[55.1318,25.0974],[55.1242,25.0969],[55.1242,25.0964],[55.1197,25.0973],[55.116,25.0989],[55.1136,25.1007],[55.1003,25.1037],[55.0997,25.105],[55.0985,25.1096],[55.0984,25.1186],[55.0995,25.1235],[55.1019,25.1295],[55.1045,25.1338],[55.1115,25.1414],[55.1168,25.1453],[55.1228,25.1483],[55.1248,25.149],[55.132,25.1459],[55.1399,25.1439],[55.1413,25.1418],[55.1466,25.1403],[55.1495,25.1384],[55.1522,25.1358],[55.1547,25.1312],[55.1556,25.1252],[55.1552,25.1206],[55.1593,25.1189],[55.1629,25.116],[55.1568,25.1094],[55.1552,25.1064],[55.1549,25.1039],[55.1579,25.1015],[55.1559,25.0994],[55.1536,25.1013],[55.1469,25.0936],[55.1459,25.0928],[55.1454,25.0932]]]}},{"type":"Feature","id":645,"properties":{"id":"645","name":"Dubailand","official":"WADI AL SAFA 3","psf_12m":1538,"growth_12m":3.7,"sales_12m":8314,"offplan_12m":80,"financed_12m":12,"psf_3y":1492,"growth_3y":33.1,"sales_3y":16053,"offplan_3y":74,"financed_3y":15,"psf_5y":1465,"growth_5y":148,"sales_5y":18492,"offplan_5y":70,"financed_5y":15,"psf_10y":1417,"growth_10y":76.5,"sales_10y":20252,"offplan_10y":67,"financed_10y":19},"geometry":{"type":"Polygon","coordinates":[[[55.351,25.1364],[55.3649,25.1199],[55.3456,25.1102],[55.3334,25.1002],[55.2957,25.0659],[55.2931,25.068],[55.2933,25.0899],[55.2908,25.0889],[55.2783,25.1267],[55.2932,25.1308],[55.2953,25.1308],[55.2965,25.1245],[55.3041,25.1283],[55.3128,25.1195],[55.3148,25.1192],[55.3253,25.1268],[55.3244,25.1288],[55.3321,25.1298],[55.3327,25.1259],[55.3398,25.1326],[55.3407,25.131],[55.351,25.1364]]]}},{"type":"Feature","id":911,"properties":{"id":"911","name":"Madinat Hind 1","official":"MADINAT HIND 1","psf_12m":null,"growth_12m":null,"sales_12m":null,"offplan_12m":null,"financed_12m":null,"psf_3y":null,"growth_3y":null,"sales_3y":null,"offplan_3y":null,"financed_3y":null,"psf_5y":null,"growth_5y":null,"sales_5y":2,"offplan_5y":null,"financed_5y":null,"psf_10y":null,"growth_10y":null,"sales_10y":3,"offplan_10y":null,"financed_10y":null},"geometry":{"type":"Polygon","coordinates":[[[55.3982,25.0493],[55.3895,25.051],[55.3671,25.0508],[55.3613,25.0576],[55.3605,25.0597],[55.3601,25.0652],[55.3586,25.0691],[55.3711,25.0739],[55.376,25.0765],[55.3921,25.0875],[55.4133,25.0626],[55.4031,25.0554],[55.3982,25.0493]]]}},{"type":"Feature","id":502,"properties":{"id":"502","name":"Al Wajeha Al Bahriah","official":"AL WAJEHA AL BAHRIAH","psf_12m":null,"growth_12m":null,"sales_12m":null,"offplan_12m":null,"financed_12m":null,"psf_3y":null,"growth_3y":null,"sales_3y":null,"offplan_3y":null,"financed_3y":null,"psf_5y":null,"growth_5y":null,"sales_5y":null,"offplan_5y":null,"financed_5y":null,"psf_10y":null,"growth_10y":null,"sales_10y":null,"offplan_10y":null,"financed_10y":null},"geometry":{"type":"Polygon","coordinates":[[[54.9667,25.0419],[54.9623,25.0391],[54.9586,25.0354],[54.9548,25.029],[54.9505,25.0237],[54.947,25.018],[54.9448,25.0126],[54.9436,25.0069],[54.9433,25.0015],[54.944,24.996],[54.9458,24.9904],[54.9484,24.9854],[54.952,24.9811],[54.9564,24.9775],[54.9629,24.9736],[54.9696,24.971],[54.9774,24.9695],[54.9835,24.9718],[54.9823,24.9699],[54.9775,24.9689],[54.9756,24.9678],[54.9724,24.9676],[54.9712,24.9667],[54.9673,24.9668],[54.9655,24.9676],[54.9624,24.9667],[54.961,24.9656],[54.9609,24.964],[54.9553,24.9598],[54.9466,24.9514],[54.9331,24.9402],[54.928,24.9369],[54.9271,24.9354],[54.9159,24.9273],[54.9102,24.9221],[54.8984,24.9252],[54.8531,24.9492],[54.8488,24.9603],[54.8464,24.9719],[54.8461,24.9838],[54.8478,24.995],[54.8516,25.0063],[54.857,25.0165],[54.8644,25.0262],[54.873,25.0344],[54.8834,25.0415],[54.8944,25.0468],[54.9066,25.0506],[54.9194,25.0526],[54.9324,25.0527],[54.9458,25.0508],[54.9607,25.046],[54.968,25.0425],[54.9667,25.0419]]]}},{"type":"Feature","id":512,"properties":{"id":"512","name":"Hessyan Second","official":"HESSYAN SECOND","psf_12m":null,"growth_12m":-62.1,"sales_12m":1,"offplan_12m":null,"financed_12m":null,"psf_3y":null,"growth_3y":-34.9,"sales_3y":7,"offplan_3y":null,"financed_3y":null,"psf_5y":null,"growth_5y":57.1,"sales_5y":11,"offplan_5y":null,"financed_5y":null,"psf_10y":null,"growth_10y":-80.6,"sales_10y":19,"offplan_10y":null,"financed_10y":null},"geometry":{"type":"Polygon","coordinates":[[[54.9889,24.9738],[54.9945,24.9641],[55.0054,24.9366],[55.0102,24.9291],[54.9589,24.9111],[54.9467,24.9041],[54.9404,24.8976],[54.8896,24.9112],[54.8517,24.9459],[54.8563,24.9435],[54.8531,24.9492],[54.8984,24.9252],[54.9102,24.9221],[54.9159,24.9273],[54.9271,24.9354],[54.928,24.9369],[54.9331,24.9402],[54.9466,24.9514],[54.9553,24.9598],[54.9609,24.964],[54.961,24.9656],[54.9624,24.9667],[54.9655,24.9676],[54.9673,24.9668],[54.9712,24.9667],[54.9724,24.9676],[54.9756,24.9678],[54.9775,24.9689],[54.9823,24.9699],[54.9835,24.9718],[54.9889,24.9738]]]}},{"type":"Feature","id":322,"properties":{"id":"322","name":"Al Hudaiba","official":"AL HUDAIBA","psf_12m":null,"growth_12m":null,"sales_12m":null,"offplan_12m":null,"financed_12m":null,"psf_3y":null,"growth_3y":null,"sales_3y":3,"offplan_3y":null,"financed_3y":null,"psf_5y":null,"growth_5y":62.7,"sales_5y":3,"offplan_5y":null,"financed_5y":null,"psf_10y":null,"growth_10y":-48.9,"sales_10y":6,"offplan_10y":null,"financed_10y":null},"geometry":{"type":"Polygon","coordinates":[[[55.2849,25.2466],[55.2788,25.2351],[55.2723,25.239],[55.275,25.2409],[55.2804,25.2499],[55.2849,25.2466]]]}},{"type":"Feature","id":624,"properties":{"id":"624","name":"Warsan Fourth","official":"WARSAN FOURTH","psf_12m":1106,"growth_12m":20.6,"sales_12m":1720,"offplan_12m":64,"financed_12m":10,"psf_3y":958,"growth_3y":94.8,"sales_3y":4006,"offplan_3y":46,"financed_3y":17,"psf_5y":919,"growth_5y":49.5,"sales_5y":4492,"offplan_5y":42,"financed_5y":18,"psf_10y":867,"growth_10y":22.7,"sales_10y":5278,"offplan_10y":40,"financed_10y":18},"geometry":{"type":"Polygon","coordinates":[[[55.3992,25.1406],[55.385,25.1456],[55.3911,25.1605],[55.3974,25.1567],[55.4169,25.1493],[55.4268,25.1389],[55.4082,25.1252],[55.4019,25.1311],[55.3948,25.134],[55.3959,25.1344],[55.3967,25.1364],[55.4,25.1403],[55.3992,25.1406]]]}},{"type":"Feature","id":375,"properties":{"id":"375","name":"Al Barsha Third","official":"AL BARSHA THIRD","psf_12m":null,"growth_12m":10.7,"sales_12m":18,"offplan_12m":null,"financed_12m":null,"psf_3y":490,"growth_3y":34.9,"sales_3y":70,"offplan_3y":0,"financed_3y":167,"psf_5y":467,"growth_5y":21.7,"sales_5y":105,"offplan_5y":0,"financed_5y":192,"psf_10y":440,"growth_10y":37.2,"sales_10y":181,"offplan_10y":0,"financed_10y":199},"geometry":{"type":"Polygon","coordinates":[[[55.211,25.0893],[55.2172,25.0847],[55.2102,25.0769],[55.2036,25.0817],[55.1885,25.0901],[55.1853,25.093],[55.1819,25.0972],[55.1893,25.1048],[55.1993,25.1057],[55.2002,25.0983],[55.2015,25.0972],[55.2032,25.0969],[55.2038,25.0946],[55.211,25.0893]]]}},{"type":"Feature","id":123,"properties":{"id":"123","name":"Al Muteena","official":"AL MUTEENA","psf_12m":null,"growth_12m":22.2,"sales_12m":17,"offplan_12m":null,"financed_12m":null,"psf_3y":825,"growth_3y":16.7,"sales_3y":55,"offplan_3y":0,"financed_3y":38,"psf_5y":791,"growth_5y":-20.3,"sales_5y":86,"offplan_5y":0,"financed_5y":52,"psf_10y":867,"growth_10y":-6.9,"sales_10y":145,"offplan_10y":0,"financed_10y":64},"geometry":{"type":"Polygon","coordinates":[[[55.3298,25.2729],[55.3304,25.2705],[55.3164,25.2701],[55.3154,25.2766],[55.3271,25.2787],[55.3298,25.2729]]]}},{"type":"Feature","id":118,"properties":{"id":"118","name":"Naif","official":"NAIF","psf_12m":2924,"growth_12m":5.2,"sales_12m":22,"offplan_12m":0,"financed_12m":45,"psf_3y":2779,"growth_3y":19.6,"sales_3y":61,"offplan_3y":0,"financed_3y":46,"psf_5y":2638,"growth_5y":12.4,"sales_5y":90,"offplan_5y":0,"financed_5y":53,"psf_10y":2590,"growth_10y":-12.3,"sales_10y":128,"offplan_10y":0,"financed_10y":98},"geometry":{"type":"Polygon","coordinates":[[[55.3161,25.2723],[55.3164,25.2701],[55.305,25.2689],[55.3033,25.2689],[55.3024,25.2715],[55.3116,25.2756],[55.3154,25.2766],[55.3161,25.2723]]]}},{"type":"Feature","id":335,"properties":{"id":"335","name":"DIFC","official":"TRADE CENTER FIRST","psf_12m":3690,"growth_12m":2.2,"sales_12m":235,"offplan_12m":86,"financed_12m":9,"psf_3y":3634,"growth_3y":171.2,"sales_3y":552,"offplan_3y":85,"financed_3y":9,"psf_5y":3551,"growth_5y":157,"sales_5y":578,"offplan_5y":81,"financed_5y":11,"psf_10y":3515,"growth_10y":134.3,"sales_10y":653,"offplan_10y":72,"financed_10y":20},"geometry":{"type":"Polygon","coordinates":[[[55.2896,25.2299],[55.2871,25.2287],[55.2709,25.2049],[55.269,25.2058],[55.2759,25.2161],[55.277,25.2191],[55.2861,25.2312],[55.2896,25.2299]]]}},{"type":"Feature","id":334,"properties":{"id":"334","name":"Al Satwa","official":"AL SATWA","psf_12m":2288,"growth_12m":17.4,"sales_12m":1613,"offplan_12m":92,"financed_12m":8,"psf_3y":2167,"growth_3y":97,"sales_3y":2938,"offplan_3y":88,"financed_3y":6,"psf_5y":2162,"growth_5y":66.3,"sales_5y":3044,"offplan_5y":85,"financed_5y":7,"psf_10y":2111,"growth_10y":160.4,"sales_10y":3408,"offplan_10y":76,"financed_10y":8},"geometry":{"type":"Polygon","coordinates":[[[55.2817,25.2334],[55.2861,25.2312],[55.277,25.2191],[55.2759,25.2161],[55.269,25.2058],[55.2611,25.2101],[55.2789,25.2337],[55.2783,25.2341],[55.2788,25.2351],[55.2817,25.2334]]]}},{"type":"Feature","id":626,"properties":{"id":"626","name":"Nadd Hessa","official":"NADD HESSA","psf_12m":1228,"growth_12m":-0.8,"sales_12m":2583,"offplan_12m":47,"financed_12m":31,"psf_3y":1051,"growth_3y":70.5,"sales_3y":8292,"offplan_3y":47,"financed_3y":26,"psf_5y":957,"growth_5y":29.5,"sales_5y":10870,"offplan_5y":42,"financed_5y":26,"psf_10y":852,"growth_10y":9.2,"sales_10y":15635,"offplan_10y":37,"financed_10y":27},"geometry":{"type":"Polygon","coordinates":[[[55.4,25.1403],[55.3967,25.1364],[55.3959,25.1344],[55.3948,25.134],[55.4019,25.1311],[55.4082,25.1252],[55.3789,25.1034],[55.3649,25.1199],[55.3724,25.1257],[55.3771,25.1307],[55.3807,25.1362],[55.385,25.1456],[55.4,25.1403]]]}},{"type":"Feature","id":315,"properties":{"id":"315","name":"Umm Hurair Second","official":"UMM HURAIR SECOND","psf_12m":null,"growth_12m":-6.9,"sales_12m":12,"offplan_12m":null,"financed_12m":null,"psf_3y":1658,"growth_3y":9.4,"sales_3y":34,"offplan_3y":12,"financed_3y":56,"psf_5y":1658,"growth_5y":49,"sales_5y":46,"offplan_5y":9,"financed_5y":59,"psf_10y":1391,"growth_10y":-40.5,"sales_10y":108,"offplan_10y":4,"financed_10y":80},"geometry":{"type":"Polygon","coordinates":[[[55.3366,25.2316],[55.3309,25.227],[55.3273,25.2257],[55.3222,25.226],[55.3164,25.2287],[55.3174,25.2346],[55.3158,25.2444],[55.3142,25.2478],[55.3186,25.2488],[55.3205,25.2512],[55.3229,25.2489],[55.3234,25.2494],[55.3248,25.2483],[55.3242,25.2477],[55.3252,25.2472],[55.3261,25.2454],[55.3268,25.2421],[55.328,25.2401],[55.3279,25.2385],[55.3291,25.2383],[55.3292,25.2376],[55.3348,25.2329],[55.3356,25.2333],[55.3352,25.2325],[55.3368,25.2329],[55.3362,25.2321],[55.3366,25.2316]]]}},{"type":"Feature","id":303,"properties":{"id":"303","name":"The World Islands","official":"WORLD ISLANDS","psf_12m":4186,"growth_12m":-10.7,"sales_12m":41,"offplan_12m":88,"financed_12m":22,"psf_3y":3920,"growth_3y":21.1,"sales_3y":348,"offplan_3y":88,"financed_3y":7,"psf_5y":3433,"growth_5y":3.2,"sales_5y":575,"offplan_5y":77,"financed_5y":7,"psf_10y":3383,"growth_10y":2440.8,"sales_10y":1091,"offplan_10y":87,"financed_10y":5},"geometry":{"type":"Polygon","coordinates":[[[55.1221,25.273],[55.1953,25.2682],[55.2094,25.2417],[55.2053,25.2236],[55.2001,25.2108],[55.1939,25.2013],[55.1857,25.1938],[55.1747,25.1868],[55.1544,25.182],[55.1393,25.1855],[55.1245,25.1949],[55.1188,25.2105],[55.1221,25.273]]]}},{"type":"Feature","id":304,"properties":{"id":"304","name":"Jumeira Island 2","official":"JUMEIRA ISLAND 2","psf_12m":null,"growth_12m":null,"sales_12m":null,"offplan_12m":null,"financed_12m":null,"psf_3y":null,"growth_3y":null,"sales_3y":null,"offplan_3y":null,"financed_3y":null,"psf_5y":null,"growth_5y":null,"sales_5y":null,"offplan_5y":null,"financed_5y":null,"psf_10y":null,"growth_10y":null,"sales_10y":null,"offplan_10y":null,"financed_10y":null},"geometry":{"type":"Polygon","coordinates":[[[55.2282,25.1986],[55.226,25.1967],[55.2262,25.1958],[55.2237,25.1976],[55.2263,25.1997],[55.2261,25.2006],[55.2279,25.2],[55.2289,25.1988],[55.2282,25.1986]]]}},{"type":"Feature","id":314,"properties":{"id":"314","name":"Umm Hurair First","official":"UMM HURAIR FIRST","psf_12m":null,"growth_12m":-14.6,"sales_12m":3,"offplan_12m":null,"financed_12m":null,"psf_3y":null,"growth_3y":4.9,"sales_3y":10,"offplan_3y":null,"financed_3y":null,"psf_5y":null,"growth_5y":4.9,"sales_5y":10,"offplan_5y":null,"financed_5y":null,"psf_10y":null,"growth_10y":-15,"sales_10y":13,"offplan_10y":null,"financed_10y":null},"geometry":{"type":"Polygon","coordinates":[[[55.3043,25.2548],[55.3076,25.2589],[55.3107,25.2604],[55.3132,25.257],[55.3129,25.2565],[55.3166,25.2533],[55.3184,25.2526],[55.3188,25.2518],[55.3205,25.2512],[55.3186,25.2488],[55.3142,25.2478],[55.3102,25.2522],[55.3043,25.2548]]]}},{"type":"Feature","id":622,"properties":{"id":"622","name":"Warsan Second","official":"WARSAN SECOND","psf_12m":null,"growth_12m":53.1,"sales_12m":8,"offplan_12m":null,"financed_12m":null,"psf_3y":465,"growth_3y":29,"sales_3y":42,"offplan_3y":0,"financed_3y":19,"psf_5y":448,"growth_5y":1.8,"sales_5y":48,"offplan_5y":0,"financed_5y":23,"psf_10y":440,"growth_10y":null,"sales_10y":127,"offplan_10y":0,"financed_10y":13},"geometry":{"type":"Polygon","coordinates":[[[55.4277,25.1742],[55.4601,25.168],[55.4585,25.1631],[55.4568,25.161],[55.4268,25.1389],[55.4171,25.1491],[55.4234,25.1549],[55.4277,25.1742]]]}},{"type":"Feature","id":352,"properties":{"id":"352","name":"Jumeirah 3","official":"JUMEIRA THIRD","psf_12m":null,"growth_12m":2.2,"sales_12m":16,"offplan_12m":null,"financed_12m":null,"psf_3y":1053,"growth_3y":49.7,"sales_3y":53,"offplan_3y":0,"financed_3y":81,"psf_5y":908,"growth_5y":49,"sales_5y":77,"offplan_5y":0,"financed_5y":90,"psf_10y":781,"growth_10y":22.5,"sales_10y":107,"offplan_10y":0,"financed_10y":140},"geometry":{"type":"Polygon","coordinates":[[[55.2167,25.1759],[55.2179,25.1777],[55.2179,25.1788],[55.2172,25.1789],[55.2192,25.1816],[55.2195,25.181],[55.221,25.1817],[55.222,25.184],[55.2216,25.1845],[55.2236,25.1871],[55.2243,25.1865],[55.2261,25.1878],[55.2272,25.1898],[55.2268,25.191],[55.2285,25.1935],[55.2296,25.1935],[55.2315,25.1957],[55.2305,25.1965],[55.2307,25.1976],[55.235,25.1953],[55.2342,25.1934],[55.241,25.1884],[55.2277,25.1696],[55.2198,25.1747],[55.2191,25.1738],[55.2165,25.1755],[55.2167,25.1759]]]}},{"type":"Feature","id":233,"properties":{"id":"233","name":"Al Twar Fifth","official":"AL TWAR FIFTH","psf_12m":null,"growth_12m":29.5,"sales_12m":9,"offplan_12m":null,"financed_12m":null,"psf_3y":null,"growth_3y":58.6,"sales_3y":14,"offplan_3y":null,"financed_3y":null,"psf_5y":321,"growth_5y":40.1,"sales_5y":20,"offplan_5y":0,"financed_5y":210,"psf_10y":275,"growth_10y":30.7,"sales_10y":40,"offplan_10y":0,"financed_10y":265},"geometry":{"type":"Polygon","coordinates":[[[55.3881,25.2757],[55.3963,25.271],[55.3897,25.2611],[55.378,25.2679],[55.3847,25.2777],[55.3881,25.2757]]]}},{"type":"Feature","id":356,"properties":{"id":"356","name":"Umm Suqeim First","official":"UMM SUQEIM FIRST","psf_12m":5800,"growth_12m":427.3,"sales_12m":83,"offplan_12m":0,"financed_12m":14,"psf_3y":5564,"growth_3y":725,"sales_3y":134,"offplan_3y":0,"financed_3y":23,"psf_5y":1500,"growth_5y":165.5,"sales_5y":170,"offplan_5y":0,"financed_5y":29,"psf_10y":1094,"growth_10y":56.3,"sales_10y":214,"offplan_10y":0,"financed_10y":47},"geometry":{"type":"Polygon","coordinates":[[[55.2057,25.1857],[55.2063,25.1903],[55.2133,25.1916],[55.215,25.1838],[55.2146,25.1795],[55.2151,25.1769],[55.2191,25.1738],[55.2198,25.1747],[55.2277,25.1696],[55.2159,25.1547],[55.2077,25.1598],[55.2047,25.1625],[55.2058,25.163],[55.2071,25.166],[55.2084,25.1662],[55.2095,25.1693],[55.2103,25.1691],[55.2107,25.1724],[55.2097,25.1724],[55.2094,25.1733],[55.2074,25.1744],[55.2042,25.1745],[55.2012,25.1726],[55.2003,25.1698],[55.1963,25.1688],[55.1928,25.1743],[55.1958,25.1747],[55.1969,25.1779],[55.1961,25.1803],[55.1921,25.1798],[55.1912,25.1855],[55.1924,25.1888],[55.1984,25.1904],[55.1992,25.1864],[55.2037,25.1834],[55.2059,25.1836],[55.2063,25.1847],[55.2057,25.1857]]]}},{"type":"Feature","id":323,"properties":{"id":"323","name":"Al Jafiliya","official":"AL JAFILIYA","psf_12m":null,"growth_12m":19.5,"sales_12m":18,"offplan_12m":null,"financed_12m":null,"psf_3y":536,"growth_3y":22.4,"sales_3y":54,"offplan_3y":0,"financed_3y":15,"psf_5y":518,"growth_5y":3.7,"sales_5y":77,"offplan_5y":0,"financed_5y":25,"psf_10y":506,"growth_10y":4.2,"sales_10y":99,"offplan_10y":0,"financed_10y":42},"geometry":{"type":"Polygon","coordinates":[[[55.2881,25.2435],[55.2954,25.2397],[55.2896,25.2299],[55.2838,25.2321],[55.2788,25.2351],[55.2849,25.2466],[55.2881,25.2435]]]}},{"type":"Feature","id":359,"properties":{"id":"359","name":"Al Qouz Fourth","official":"AL QOUZ FOURTH","psf_12m":899,"growth_12m":15.7,"sales_12m":135,"offplan_12m":0,"financed_12m":77,"psf_3y":771,"growth_3y":40.3,"sales_3y":496,"offplan_3y":0,"financed_3y":63,"psf_5y":710,"growth_5y":6.6,"sales_5y":683,"offplan_5y":0,"financed_5y":65,"psf_10y":692,"growth_10y":-8,"sales_10y":1773,"offplan_10y":34,"financed_10y":55},"geometry":{"type":"Polygon","coordinates":[[[55.2617,25.1589],[55.2611,25.1444],[55.2525,25.1446],[55.2429,25.1506],[55.2529,25.1595],[55.2554,25.1585],[55.2617,25.1589]]]}},{"type":"Feature","id":664,"properties":{"id":"664","name":"Wadi Al Safa 6","official":"WADI AL SAFA 6","psf_12m":1401,"growth_12m":6.6,"sales_12m":284,"offplan_12m":0,"financed_12m":169,"psf_3y":1226,"growth_3y":77.2,"sales_3y":1062,"offplan_3y":0,"financed_3y":138,"psf_5y":1010,"growth_5y":85.5,"sales_5y":1871,"offplan_5y":0,"financed_5y":129,"psf_10y":745,"growth_10y":59.4,"sales_10y":3448,"offplan_10y":0,"financed_10y":123},"geometry":{"type":"Polygon","coordinates":[[[55.3012,25.0583],[55.26,25.0354],[55.2537,25.0428],[55.2509,25.0477],[55.2497,25.0515],[55.2494,25.056],[55.2848,25.06],[55.2902,25.0619],[55.2957,25.0659],[55.2973,25.0627],[55.3012,25.0583]]]}},{"type":"Feature","id":264,"properties":{"id":"264","name":"Muhaisanah Second","official":"MUHAISANAH SECOND","psf_12m":null,"growth_12m":-48.6,"sales_12m":1,"offplan_12m":null,"financed_12m":null,"psf_3y":null,"growth_3y":103,"sales_3y":5,"offplan_3y":null,"financed_3y":null,"psf_5y":null,"growth_5y":-39.4,"sales_5y":8,"offplan_5y":null,"financed_5y":null,"psf_10y":null,"growth_10y":9.4,"sales_10y":12,"offplan_10y":null,"financed_10y":null},"geometry":{"type":"Polygon","coordinates":[[[55.4325,25.2743],[55.4393,25.2715],[55.4372,25.2679],[55.431,25.2609],[55.4299,25.2581],[55.4298,25.2553],[55.4056,25.2517],[55.4087,25.2616],[55.4103,25.2645],[55.4223,25.2785],[55.4325,25.2743]]]}},{"type":"Feature","id":683,"properties":{"id":"683","name":"Dubai Studio City","official":"AL HEBIAH FIFTH","psf_12m":1687,"growth_12m":9,"sales_12m":3465,"offplan_12m":59,"financed_12m":36,"psf_3y":1616,"growth_3y":43.3,"sales_3y":10390,"offplan_3y":40,"financed_3y":20,"psf_5y":1295,"growth_5y":69,"sales_5y":19075,"offplan_5y":22,"financed_5y":12,"psf_10y":1269,"growth_10y":45,"sales_10y":20094,"offplan_10y":22,"financed_10y":14},"geometry":{"type":"Polygon","coordinates":[[[55.252,25.0108],[55.2602,25.0027],[55.249,24.992],[55.2449,24.9947],[55.2393,24.9972],[55.2293,24.9999],[55.2257,25.0015],[55.222,25.0041],[55.2162,25.0114],[55.2396,25.0242],[55.252,25.0108]]]}},{"type":"Feature","id":599,"properties":{"id":"599","name":"Jabal Ali Industrial First","official":"JABAL ALI INDUSTRIAL FIRST","psf_12m":592,"growth_12m":23.2,"sales_12m":49,"offplan_12m":0,"financed_12m":67,"psf_3y":510,"growth_3y":65.2,"sales_3y":84,"offplan_3y":0,"financed_3y":99,"psf_5y":492,"growth_5y":3.5,"sales_5y":111,"offplan_5y":0,"financed_5y":125,"psf_10y":475,"growth_10y":-56.8,"sales_10y":426,"offplan_10y":0,"financed_10y":78},"geometry":{"type":"Polygon","coordinates":[[[55.1582,25.0173],[55.1525,25.0089],[55.1481,24.9994],[55.1459,24.992],[55.1423,24.975],[55.1202,24.9798],[55.093,24.9876],[55.0981,25.018],[55.1308,25.0167],[55.1526,25.0183],[55.1582,25.0173]]]}},{"type":"Feature","id":615,"properties":{"id":"615","name":"Nadd Al Shiba Second","official":"NADD AL SHIBA SECOND","psf_12m":null,"growth_12m":59,"sales_12m":4,"offplan_12m":null,"financed_12m":null,"psf_3y":null,"growth_3y":32,"sales_3y":9,"offplan_3y":null,"financed_3y":null,"psf_5y":null,"growth_5y":51.3,"sales_5y":16,"offplan_5y":null,"financed_5y":null,"psf_10y":295,"growth_10y":34.5,"sales_10y":24,"offplan_10y":0,"financed_10y":808},"geometry":{"type":"Polygon","coordinates":[[[55.3325,25.1696],[55.3613,25.1688],[55.3659,25.168],[55.3617,25.1517],[55.3464,25.142],[55.326,25.1682],[55.3285,25.1696],[55.3325,25.1696]]]}},{"type":"Feature","id":115,"properties":{"id":"115","name":"Al Sabkha","official":"AL SABKHA","psf_12m":null,"growth_12m":-18.5,"sales_12m":1,"offplan_12m":null,"financed_12m":null,"psf_3y":null,"growth_3y":9.9,"sales_3y":5,"offplan_3y":null,"financed_3y":null,"psf_5y":null,"growth_5y":6.4,"sales_5y":6,"offplan_5y":null,"financed_5y":null,"psf_10y":null,"growth_10y":24.5,"sales_10y":8,"offplan_10y":null,"financed_10y":null},"geometry":{"type":"Polygon","coordinates":[[[55.3034,25.2677],[55.3036,25.2668],[55.3018,25.2671],[55.3024,25.2683],[55.3005,25.2708],[55.3024,25.2715],[55.3034,25.2677]]]}},{"type":"Feature","id":915,"properties":{"id":"915","name":"Al Yufrah 1","official":"AL YUFRAH 1","psf_12m":1522,"growth_12m":15.3,"sales_12m":1846,"offplan_12m":56,"financed_12m":27,"psf_3y":1282,"growth_3y":59.4,"sales_3y":8327,"offplan_3y":75,"financed_3y":11,"psf_5y":1167,"growth_5y":84.2,"sales_5y":10705,"offplan_5y":79,"financed_5y":8,"psf_10y":1160,"growth_10y":null,"sales_10y":10856,"offplan_10y":79,"financed_10y":8},"geometry":{"type":"Polygon","coordinates":[[[55.4658,25.0048],[55.4493,24.994],[55.4455,24.9932],[55.4366,24.9932],[55.4318,24.9915],[55.4224,24.9834],[55.4156,24.9749],[55.4023,24.9853],[55.4005,24.9875],[55.3996,24.9899],[55.3998,24.9947],[55.4026,24.9988],[55.4083,24.9986],[55.4128,25.0005],[55.4242,25.0125],[55.4451,25.0309],[55.4658,25.0048]]]}},{"type":"Feature","id":951,"properties":{"id":"951","name":"Saih Al Salam","official":"SAIH AL SALAM","psf_12m":null,"growth_12m":null,"sales_12m":null,"offplan_12m":null,"financed_12m":null,"psf_3y":null,"growth_3y":null,"sales_3y":null,"offplan_3y":null,"financed_3y":null,"psf_5y":null,"growth_5y":null,"sales_5y":null,"offplan_5y":null,"financed_5y":null,"psf_10y":null,"growth_10y":null,"sales_10y":null,"offplan_10y":null,"financed_10y":null},"geometry":{"type":"Polygon","coordinates":[[[55.4145,24.8767],[55.4423,24.8536],[55.3828,24.8006],[55.3455,24.851],[55.3414,24.8576],[55.3406,24.86],[55.3423,24.9301],[55.3433,24.9499],[55.3763,24.9503],[55.3768,24.9262],[55.3777,24.9203],[55.3796,24.9153],[55.3848,24.9069],[55.3894,24.9014],[55.4145,24.8767]]]}},{"type":"Feature","id":267,"properties":{"id":"267","name":"Muhaisanah Fifth","official":"MUHAISANAH FIFTH","psf_12m":null,"growth_12m":null,"sales_12m":null,"offplan_12m":null,"financed_12m":null,"psf_3y":null,"growth_3y":null,"sales_3y":null,"offplan_3y":null,"financed_3y":null,"psf_5y":null,"growth_5y":null,"sales_5y":null,"offplan_5y":null,"financed_5y":null,"psf_10y":null,"growth_10y":null,"sales_10y":null,"offplan_10y":null,"financed_10y":null},"geometry":{"type":"Polygon","coordinates":[[[55.4438,25.2806],[55.4393,25.2715],[55.4223,25.2785],[55.4277,25.2867],[55.4438,25.2806]]]}},{"type":"Feature","id":312,"properties":{"id":"312","name":"Al Souq Al Kabeer","official":"AL SOUQ AL KABEER","psf_12m":null,"growth_12m":-16.8,"sales_12m":19,"offplan_12m":null,"financed_12m":null,"psf_3y":2536,"growth_3y":-8.4,"sales_3y":45,"offplan_3y":0,"financed_3y":78,"psf_5y":2654,"growth_5y":-4.4,"sales_5y":64,"offplan_5y":0,"financed_5y":89,"psf_10y":2764,"growth_10y":3.7,"sales_10y":117,"offplan_10y":0,"financed_10y":109},"geometry":{"type":"Polygon","coordinates":[[[55.2957,25.2651],[55.3013,25.2657],[55.3014,25.2643],[55.2975,25.2583],[55.2946,25.2597],[55.2886,25.2593],[55.2843,25.2608],[55.2911,25.2658],[55.2927,25.2647],[55.2957,25.2651]]]}},{"type":"Feature","id":355,"properties":{"id":"355","name":"Ghadeer Al Tair","official":"GHADEER AL TAIR","psf_12m":2027,"growth_12m":1.7,"sales_12m":88,"offplan_12m":0,"financed_12m":53,"psf_3y":1972,"growth_3y":25.5,"sales_3y":499,"offplan_3y":0,"financed_3y":30,"psf_5y":1806,"growth_5y":461.6,"sales_5y":938,"offplan_5y":0,"financed_5y":24,"psf_10y":1799,"growth_10y":624.8,"sales_10y":947,"offplan_10y":0,"financed_10y":49},"geometry":{"type":"Polygon","coordinates":[[[55.2714,25.1395],[55.2708,25.1394],[55.2698,25.1375],[55.2656,25.1374],[55.2666,25.1385],[55.2656,25.1402],[55.2666,25.1413],[55.2611,25.1444],[55.2619,25.1611],[55.2634,25.1643],[55.2675,25.1683],[55.2763,25.1602],[55.2779,25.1584],[55.28,25.1541],[55.2824,25.1519],[55.2812,25.1398],[55.2714,25.1395]]]}},{"type":"Feature","id":232,"properties":{"id":"232","name":"Al Qusais","official":"AL QUSAIS","psf_12m":null,"growth_12m":null,"sales_12m":null,"offplan_12m":null,"financed_12m":null,"psf_3y":null,"growth_3y":23.3,"sales_3y":8,"offplan_3y":null,"financed_3y":null,"psf_5y":530,"growth_5y":-26.3,"sales_5y":25,"offplan_5y":0,"financed_5y":168,"psf_10y":530,"growth_10y":-55.2,"sales_10y":32,"offplan_10y":0,"financed_10y":338},"geometry":{"type":"Polygon","coordinates":[[[55.3733,25.2844],[55.3847,25.2777],[55.378,25.2679],[55.3605,25.2782],[55.3666,25.2882],[55.3733,25.2844]]]}},{"type":"Feature","id":268,"properties":{"id":"268","name":"Oud Al Muteena","official":"OUD AL MUTEENA","psf_12m":null,"growth_12m":null,"sales_12m":null,"offplan_12m":null,"financed_12m":null,"psf_3y":null,"growth_3y":null,"sales_3y":null,"offplan_3y":null,"financed_3y":null,"psf_5y":null,"growth_5y":null,"sales_5y":null,"offplan_5y":null,"financed_5y":null,"psf_10y":null,"growth_10y":null,"sales_10y":null,"offplan_10y":null,"financed_10y":null},"geometry":{"type":"Polygon","coordinates":[[[55.4611,25.2741],[55.4603,25.2724],[55.4573,25.2728],[55.446,25.2702],[55.4428,25.2703],[55.4393,25.2715],[55.4438,25.2806],[55.4611,25.2741]]]}},{"type":"Feature","id":321,"properties":{"id":"321","name":"Madinat Dubai Al Melaheyah","official":"MADINAT DUBAI AL MELAHEYAH","psf_12m":3121,"growth_12m":14.3,"sales_12m":4190,"offplan_12m":99,"financed_12m":2,"psf_3y":2687,"growth_3y":48.6,"sales_3y":13239,"offplan_3y":98,"financed_3y":1,"psf_5y":2615,"growth_5y":87.5,"sales_5y":14326,"offplan_5y":97,"financed_5y":1,"psf_10y":2612,"growth_10y":35,"sales_10y":14371,"offplan_10y":97,"financed_10y":1},"geometry":{"type":"Polygon","coordinates":[[[55.2843,25.2608],[55.2851,25.2576],[55.2845,25.2554],[55.2786,25.2474],[55.275,25.2409],[55.2723,25.239],[55.2696,25.2405],[55.2709,25.2423],[55.2594,25.2478],[55.2521,25.2522],[55.2502,25.2541],[55.2487,25.2591],[55.2504,25.2862],[55.2616,25.2855],[55.2547,25.3078],[55.2721,25.3095],[55.2907,25.2841],[55.2942,25.2726],[55.2904,25.2707],[55.2849,25.2628],[55.2843,25.2608]]]}},{"type":"Feature","id":311,"properties":{"id":"311","name":"Al Shindagha","official":"AL SHINDAGHA","psf_12m":null,"growth_12m":null,"sales_12m":null,"offplan_12m":null,"financed_12m":null,"psf_3y":null,"growth_3y":null,"sales_3y":null,"offplan_3y":null,"financed_3y":null,"psf_5y":null,"growth_5y":null,"sales_5y":null,"offplan_5y":null,"financed_5y":null,"psf_10y":null,"growth_10y":null,"sales_10y":null,"offplan_10y":null,"financed_10y":null},"geometry":{"type":"Polygon","coordinates":[[[55.2944,25.2723],[55.2939,25.271],[55.2907,25.2683],[55.2904,25.2665],[55.2911,25.2658],[55.2906,25.2652],[55.284,25.261],[55.2904,25.2707],[55.2944,25.2723]]]}},{"type":"Feature","id":362,"properties":{"id":"362","name":"Umm Suqeim Second","official":"UMM SUQEIM SECOND","psf_12m":null,"growth_12m":-0.5,"sales_12m":13,"offplan_12m":null,"financed_12m":null,"psf_3y":1028,"growth_3y":31.6,"sales_3y":59,"offplan_3y":0,"financed_3y":73,"psf_5y":980,"growth_5y":40.7,"sales_5y":108,"offplan_5y":0,"financed_5y":55,"psf_10y":892,"growth_10y":29.2,"sales_10y":159,"offplan_10y":0,"financed_10y":76},"geometry":{"type":"Polygon","coordinates":[[[55.1937,25.1503],[55.191,25.1504],[55.189,25.1519],[55.1886,25.1535],[55.1897,25.1557],[55.1925,25.157],[55.1957,25.1564],[55.1976,25.1552],[55.1962,25.1524],[55.1979,25.152],[55.199,25.1536],[55.1977,25.1541],[55.2,25.1544],[55.2021,25.1578],[55.2018,25.1584],[55.2031,25.1583],[55.2054,25.1621],[55.2077,25.1598],[55.2159,25.1547],[55.2045,25.1401],[55.1936,25.1475],[55.1931,25.1482],[55.1937,25.1503]]]}},{"type":"Feature","id":332,"properties":{"id":"332","name":"Jumeirah 1","official":"JUMEIRA FIRST","psf_12m":3709,"growth_12m":25.9,"sales_12m":354,"offplan_12m":40,"financed_12m":29,"psf_3y":2946,"growth_3y":41.2,"sales_3y":938,"offplan_3y":28,"financed_3y":35,"psf_5y":2485,"growth_5y":47.5,"sales_5y":2165,"offplan_5y":44,"financed_5y":21,"psf_10y":2011,"growth_10y":327.9,"sales_10y":3796,"offplan_10y":59,"financed_10y":15},"geometry":{"type":"Polygon","coordinates":[[[55.2526,25.2074],[55.2467,25.21],[55.2457,25.2087],[55.2436,25.2096],[55.243,25.2106],[55.2442,25.2101],[55.2458,25.2113],[55.2447,25.2132],[55.2471,25.2146],[55.2478,25.216],[55.2333,25.224],[55.2539,25.2511],[55.2659,25.2444],[55.2709,25.2423],[55.2696,25.2405],[55.2725,25.239],[55.2655,25.2247],[55.2537,25.2069],[55.2526,25.2074]]]}},{"type":"Feature","id":382,"properties":{"id":"382","name":"Knowledge Village","official":"AL SAFOUH SECOND","psf_12m":1570,"growth_12m":-48.9,"sales_12m":445,"offplan_12m":28,"financed_12m":6,"psf_3y":2876,"growth_3y":18.8,"sales_3y":1129,"offplan_3y":63,"financed_3y":4,"psf_5y":2580,"growth_5y":31.6,"sales_5y":1755,"offplan_5y":72,"financed_5y":4,"psf_10y":2577,"growth_10y":70.2,"sales_10y":1770,"offplan_10y":71,"financed_10y":5},"geometry":{"type":"Polygon","coordinates":[[[55.1657,25.1146],[55.1769,25.1053],[55.1551,25.0869],[55.1488,25.092],[55.15,25.0933],[55.148,25.0948],[55.1536,25.1013],[55.1559,25.0994],[55.1579,25.1015],[55.1549,25.1039],[55.1552,25.1064],[55.1568,25.1094],[55.1627,25.1158],[55.1657,25.1146]]]}},{"type":"Feature","id":845,"properties":{"id":"845","name":"Al Maha","official":"AL MAHA","psf_12m":null,"growth_12m":null,"sales_12m":1,"offplan_12m":null,"financed_12m":null,"psf_3y":null,"growth_3y":null,"sales_3y":2,"offplan_3y":null,"financed_3y":null,"psf_5y":null,"growth_5y":null,"sales_5y":2,"offplan_5y":null,"financed_5y":null,"psf_10y":null,"growth_10y":null,"sales_10y":2,"offplan_10y":null,"financed_10y":null},"geometry":{"type":"Polygon","coordinates":[[[55.6266,24.8938],[55.6254,24.8939],[55.623,24.8974],[55.62,24.899],[55.6268,24.9036],[55.6286,24.9055],[55.6462,24.9371],[55.6506,24.9427],[55.661,24.979],[55.6608,24.9817],[55.6589,24.9881],[55.6538,24.9979],[55.6538,25],[55.6547,25.0027],[55.6601,24.9997],[55.6618,24.9982],[55.6617,24.9888],[55.6928,24.9014],[55.6729,24.8885],[55.6714,24.8896],[55.6674,24.885],[55.6499,24.8738],[55.6392,24.8798],[55.6266,24.8938]]]}},{"type":"Feature","id":372,"properties":{"id":"372","name":"Al Sufouh / Media City","official":"AL SAFOUH FIRST","psf_12m":3996,"growth_12m":122,"sales_12m":738,"offplan_12m":90,"financed_12m":8,"psf_3y":2874,"growth_3y":185.4,"sales_3y":1171,"offplan_3y":78,"financed_3y":14,"psf_5y":2679,"growth_5y":143.5,"sales_5y":1272,"offplan_5y":72,"financed_5y":17,"psf_10y":2496,"growth_10y":99.9,"sales_10y":1465,"offplan_10y":68,"financed_10y":30},"geometry":{"type":"Polygon","coordinates":[[[55.1785,25.1065],[55.1769,25.1053],[55.1657,25.1147],[55.1792,25.1296],[55.1786,25.13],[55.1791,25.1298],[55.1804,25.1314],[55.1801,25.1317],[55.1805,25.1315],[55.1821,25.1334],[55.1808,25.1343],[55.1811,25.1346],[55.1823,25.1337],[55.185,25.1368],[55.1867,25.1357],[55.1877,25.1363],[55.1876,25.1331],[55.202,25.1231],[55.1785,25.1065]]]}},{"type":"Feature","id":851,"properties":{"id":"851","name":"Remah","official":"REMAH","psf_12m":null,"growth_12m":null,"sales_12m":null,"offplan_12m":null,"financed_12m":null,"psf_3y":null,"growth_3y":null,"sales_3y":null,"offplan_3y":null,"financed_3y":null,"psf_5y":null,"growth_5y":null,"sales_5y":null,"offplan_5y":null,"financed_5y":null,"psf_10y":null,"growth_10y":null,"sales_10y":null,"offplan_10y":null,"financed_10y":null},"geometry":{"type":"Polygon","coordinates":[[[55.646,24.8374],[55.6445,24.8303],[55.6648,24.8189],[55.6876,24.8527],[55.6499,24.8738],[55.6674,24.885],[55.6714,24.8896],[55.6729,24.8885],[55.6928,24.9014],[55.7167,24.834],[55.7235,24.8084],[55.6426,24.7848],[55.6167,24.852],[55.6181,24.8529],[55.646,24.8374]]]}},{"type":"Feature","id":847,"properties":{"id":"847","name":"Umm Eselay","official":"UMM ESELAY","psf_12m":null,"growth_12m":null,"sales_12m":null,"offplan_12m":null,"financed_12m":null,"psf_3y":null,"growth_3y":null,"sales_3y":null,"offplan_3y":null,"financed_3y":null,"psf_5y":null,"growth_5y":null,"sales_5y":null,"offplan_5y":null,"financed_5y":null,"psf_10y":null,"growth_10y":null,"sales_10y":null,"offplan_10y":null,"financed_10y":null},"geometry":{"type":"Polygon","coordinates":[[[55.6181,24.8529],[55.61,24.8472],[55.593,24.842],[55.582,24.8359],[55.578,24.8313],[55.5739,24.8294],[55.5632,24.856],[55.55,24.8768],[55.5531,24.8778],[55.558,24.876],[55.5711,24.8761],[55.5823,24.8789],[55.602,24.889],[55.6079,24.8907],[55.62,24.899],[55.623,24.8974],[55.6254,24.8939],[55.6266,24.8938],[55.6392,24.8798],[55.6876,24.8527],[55.6648,24.8189],[55.6445,24.8303],[55.646,24.8374],[55.6181,24.8529]]]}},{"type":"Feature","id":342,"properties":{"id":"342","name":"Jumeirah 2","official":"JUMEIRA SECOND","psf_12m":7575,"growth_12m":11.5,"sales_12m":156,"offplan_12m":78,"financed_12m":22,"psf_3y":6551,"growth_3y":71.8,"sales_3y":392,"offplan_3y":80,"financed_3y":14,"psf_5y":5901,"growth_5y":777.3,"sales_5y":506,"offplan_5y":74,"financed_5y":14,"psf_10y":5411,"growth_10y":732.5,"sales_10y":548,"offplan_10y":68,"financed_10y":20},"geometry":{"type":"Polygon","coordinates":[[[55.2436,25.2096],[55.2457,25.2087],[55.2467,25.21],[55.2537,25.2069],[55.241,25.1884],[55.2342,25.1934],[55.235,25.1953],[55.2311,25.1976],[55.2305,25.1968],[55.2297,25.1973],[55.2308,25.1989],[55.2263,25.2056],[55.2318,25.2086],[55.2348,25.2041],[55.2366,25.2064],[55.2386,25.2052],[55.2423,25.2087],[55.2428,25.2103],[55.2417,25.2104],[55.2428,25.2106],[55.2442,25.2134],[55.244,25.2119],[55.243,25.2105],[55.2436,25.2096]]]}},{"type":"Feature","id":343,"properties":{"id":"343","name":"Al Wasl","official":"AL WASL","psf_12m":3177,"growth_12m":5.4,"sales_12m":1575,"offplan_12m":75,"financed_12m":13,"psf_3y":2971,"growth_3y":41.9,"sales_3y":5306,"offplan_3y":75,"financed_3y":13,"psf_5y":2644,"growth_5y":60,"sales_5y":8803,"offplan_5y":78,"financed_5y":10,"psf_10y":2444,"growth_10y":75.7,"sales_10y":10819,"offplan_10y":74,"financed_10y":18},"geometry":{"type":"Polygon","coordinates":[[[55.2611,25.2101],[55.2709,25.2049],[55.2656,25.1976],[55.2494,25.1801],[55.2399,25.1868],[55.2573,25.2121],[55.2611,25.2101]]]}},{"type":"Feature","id":228,"properties":{"id":"228","name":"Al Twar Third","official":"AL TWAR THIRD","psf_12m":null,"growth_12m":-12.3,"sales_12m":5,"offplan_12m":null,"financed_12m":null,"psf_3y":233,"growth_3y":6.6,"sales_3y":33,"offplan_3y":0,"financed_3y":173,"psf_5y":230,"growth_5y":0.1,"sales_5y":42,"offplan_5y":0,"financed_5y":181,"psf_10y":230,"growth_10y":7.5,"sales_10y":75,"offplan_10y":0,"financed_10y":187},"geometry":{"type":"Polygon","coordinates":[[[55.3954,25.2577],[55.4056,25.2517],[55.4042,25.24],[55.3971,25.2404],[55.3875,25.2459],[55.3872,25.2554],[55.3886,25.2595],[55.3897,25.2611],[55.3954,25.2577]]]}},{"type":"Feature","id":682,"properties":{"id":"682","name":"Dubai Sports City","official":"AL HEBIAH FOURTH","psf_12m":1399,"growth_12m":12,"sales_12m":3895,"offplan_12m":56,"financed_12m":38,"psf_3y":1342,"growth_3y":60.3,"sales_3y":11815,"offplan_3y":51,"financed_3y":30,"psf_5y":1204,"growth_5y":45.8,"sales_5y":16829,"offplan_5y":44,"financed_5y":26,"psf_10y":993,"growth_10y":13,"sales_10y":23903,"offplan_10y":42,"financed_10y":24},"geometry":{"type":"Polygon","coordinates":[[[55.2289,25.0397],[55.2327,25.0334],[55.2396,25.0242],[55.2162,25.0114],[55.2127,25.0174],[55.2081,25.0297],[55.1995,25.0433],[55.2098,25.0456],[55.2235,25.0519],[55.2289,25.0397]]]}},{"type":"Feature","id":122,"properties":{"id":"122","name":"Al Baraha","official":"AL BARAHA","psf_12m":null,"growth_12m":-52.3,"sales_12m":11,"offplan_12m":null,"financed_12m":null,"psf_3y":1744,"growth_3y":-31.7,"sales_3y":28,"offplan_3y":0,"financed_3y":29,"psf_5y":1947,"growth_5y":-25.8,"sales_5y":42,"offplan_5y":0,"financed_5y":40,"psf_10y":2004,"growth_10y":-20.6,"sales_10y":63,"offplan_10y":0,"financed_10y":97},"geometry":{"type":"Polygon","coordinates":[[[55.3265,25.2798],[55.3271,25.2787],[55.3267,25.2785],[55.3154,25.2766],[55.3146,25.2787],[55.3109,25.2789],[55.3101,25.2799],[55.3179,25.2843],[55.3222,25.2878],[55.3265,25.2798]]]}},{"type":"Feature","id":631,"properties":{"id":"631","name":"Mohammed Bin Rashid City","official":"HADAEQ SHEIKH MOHAMMED BIN RASHID","psf_12m":2391,"growth_12m":0.4,"sales_12m":3214,"offplan_12m":49,"financed_12m":39,"psf_3y":2278,"growth_3y":46.2,"sales_3y":16304,"offplan_3y":67,"financed_3y":22,"psf_5y":2112,"growth_5y":83.8,"sales_5y":24132,"offplan_5y":65,"financed_5y":23,"psf_10y":1881,"growth_10y":85.5,"sales_10y":32767,"offplan_10y":65,"financed_10y":23},"geometry":{"type":"Polygon","coordinates":[[[55.2714,25.1395],[55.2812,25.1398],[55.2824,25.1519],[55.2843,25.1525],[55.2854,25.1509],[55.2867,25.1504],[55.2906,25.1402],[55.283,25.1399],[55.2821,25.1391],[55.2806,25.1273],[55.2783,25.1267],[55.2908,25.0889],[55.2933,25.0899],[55.293,25.0683],[55.2957,25.0659],[55.2902,25.0619],[55.2848,25.06],[55.2494,25.056],[55.2501,25.079],[55.2492,25.0843],[55.2433,25.0938],[55.233,25.1023],[55.2557,25.1281],[55.26,25.1372],[55.2611,25.1444],[55.2666,25.1413],[55.2656,25.1402],[55.2666,25.1385],[55.2656,25.1374],[55.2698,25.1375],[55.2708,25.1394],[55.2714,25.1395]]]}},{"type":"Feature","id":677,"properties":{"id":"677","name":"Al Hebiah Sixth","official":"AL HEBIAH SIXTH","psf_12m":1590,"growth_12m":19,"sales_12m":604,"offplan_12m":26,"financed_12m":117,"psf_3y":1350,"growth_3y":40.5,"sales_3y":2229,"offplan_3y":59,"financed_3y":63,"psf_5y":1214,"growth_5y":67.1,"sales_5y":3609,"offplan_5y":61,"financed_5y":54,"psf_10y":1141,"growth_10y":53.1,"sales_10y":4345,"offplan_10y":53,"financed_10y":62},"geometry":{"type":"Polygon","coordinates":[[[55.2619,25.0157],[55.2615,25.0188],[55.2642,25.0227],[55.2635,25.0263],[55.2665,25.0303],[55.2816,25.0222],[55.2601,25.0028],[55.2544,25.0082],[55.2589,25.0112],[55.2607,25.0117],[55.2619,25.0139],[55.2619,25.0157]]]}},{"type":"Feature","id":961,"properties":{"id":"961","name":"Madinat Latifa","official":"MADINAT LATIFA","psf_12m":null,"growth_12m":null,"sales_12m":null,"offplan_12m":null,"financed_12m":null,"psf_3y":null,"growth_3y":null,"sales_3y":null,"offplan_3y":null,"financed_3y":null,"psf_5y":null,"growth_5y":null,"sales_5y":null,"offplan_5y":null,"financed_5y":null,"psf_10y":null,"growth_10y":null,"sales_10y":null,"offplan_10y":null,"financed_10y":null},"geometry":{"type":"Polygon","coordinates":[[[55.3142,24.9524],[55.3352,24.9501],[55.3433,24.9499],[55.3403,24.8616],[55.3414,24.8576],[55.3453,24.8514],[55.3237,24.8403],[55.2997,24.8353],[55.281,24.8292],[55.2504,24.8179],[55.2416,24.8358],[55.1956,24.8618],[55.1843,24.869],[55.1945,24.8801],[55.203,24.8904],[55.2177,24.9118],[55.2233,24.9221],[55.2281,24.9328],[55.2316,24.9429],[55.2344,24.9538],[55.2485,24.951],[55.2614,24.95],[55.2921,24.9571],[55.3142,24.9524]]]}},{"type":"Feature","id":113,"properties":{"id":"113","name":"Al Daghaya","official":"AL DAGHAYA","psf_12m":null,"growth_12m":49.6,"sales_12m":15,"offplan_12m":null,"financed_12m":null,"psf_3y":4531,"growth_3y":106.6,"sales_3y":30,"offplan_3y":0,"financed_3y":40,"psf_5y":4122,"growth_5y":2.3,"sales_5y":42,"offplan_5y":0,"financed_5y":40,"psf_10y":4122,"growth_10y":18.4,"sales_10y":60,"offplan_10y":0,"financed_10y":92},"geometry":{"type":"Polygon","coordinates":[[[55.2984,25.2708],[55.2977,25.2715],[55.2983,25.2724],[55.2974,25.2736],[55.3016,25.2752],[55.3024,25.2715],[55.299,25.2704],[55.2984,25.2708]]]}},{"type":"Feature","id":511,"properties":{"id":"511","name":"Hessyan First","official":"HESSYAN FIRST","psf_12m":789,"growth_12m":10.3,"sales_12m":24,"offplan_12m":0,"financed_12m":46,"psf_3y":708,"growth_3y":43.3,"sales_3y":87,"offplan_3y":0,"financed_3y":49,"psf_5y":665,"growth_5y":-19,"sales_5y":136,"offplan_5y":0,"financed_5y":49,"psf_10y":684,"growth_10y":-45.8,"sales_10y":205,"offplan_10y":0,"financed_10y":65},"geometry":{"type":"Polygon","coordinates":[[[54.9895,24.9725],[54.9889,24.9738],[55.0046,24.9797],[55.0193,24.9883],[55.0191,24.9867],[55.0201,24.9842],[55.0216,24.9844],[55.0223,24.9837],[55.022,24.9827],[55.0287,24.967],[55.03,24.9651],[55.0323,24.9639],[55.0399,24.9667],[55.0403,24.9678],[55.0356,24.9746],[55.034,24.9779],[55.0423,24.9662],[55.0624,24.947],[55.0102,24.9291],[55.0054,24.9366],[54.9945,24.9641],[54.9895,24.9725]]]}},{"type":"Feature","id":501,"properties":{"id":"501","name":"Nakhlat Jabal Ali","official":"NAKHLAT JABAL ALI","psf_12m":3471,"growth_12m":23.4,"sales_12m":710,"offplan_12m":56,"financed_12m":2,"psf_3y":2777,"growth_3y":null,"sales_3y":2080,"offplan_3y":19,"financed_3y":1,"psf_5y":2777,"growth_5y":null,"sales_5y":2080,"offplan_5y":19,"financed_5y":1,"psf_10y":2777,"growth_10y":818.7,"sales_10y":2080,"offplan_10y":19,"financed_10y":1},"geometry":{"type":"Polygon","coordinates":[[[55.0247,24.9929],[55.021,24.9901],[55.0198,24.9884],[55.0046,24.9797],[54.9774,24.9695],[54.9731,24.9701],[54.9664,24.9721],[54.9601,24.9751],[54.9539,24.9794],[54.9493,24.9842],[54.9461,24.9897],[54.944,24.9961],[54.9433,25.0026],[54.944,25.0092],[54.9461,25.0161],[54.9497,25.0227],[54.9548,25.029],[54.9588,25.0357],[54.9654,25.0412],[54.9712,25.0437],[54.9776,25.0449],[54.9858,25.0443],[54.9953,25.0447],[55.003,25.0438],[55.0116,25.0411],[55.0189,25.0371],[55.0238,25.0332],[55.0277,25.0283],[55.0338,25.0227],[55.0356,25.0133],[55.0346,25.0037],[55.0298,24.9974],[55.029,24.9942],[55.0247,24.9929]]]}},{"type":"Feature","id":613,"properties":{"id":"613","name":"Ras Al Khor Industrial Second","official":"RAS AL KHOR IND. SECOND","psf_12m":null,"growth_12m":-31.7,"sales_12m":1,"offplan_12m":null,"financed_12m":null,"psf_3y":null,"growth_3y":-15.8,"sales_3y":4,"offplan_3y":null,"financed_3y":null,"psf_5y":null,"growth_5y":-29.6,"sales_5y":8,"offplan_5y":null,"financed_5y":null,"psf_10y":null,"growth_10y":51.6,"sales_10y":12,"offplan_10y":null,"financed_10y":null},"geometry":{"type":"Polygon","coordinates":[[[55.3708,25.1849],[55.3659,25.168],[55.3613,25.1688],[55.3459,25.1693],[55.3465,25.1854],[55.3641,25.1859],[55.3708,25.1849]]]}},{"type":"Feature","id":226,"properties":{"id":"226","name":"Al Twar First","official":"AL TWAR FIRST","psf_12m":null,"growth_12m":2.6,"sales_12m":12,"offplan_12m":null,"financed_12m":null,"psf_3y":282,"growth_3y":34.3,"sales_3y":30,"offplan_3y":0,"financed_3y":33,"psf_5y":259,"growth_5y":15.5,"sales_5y":47,"offplan_5y":0,"financed_5y":34,"psf_10y":238,"growth_10y":1.6,"sales_10y":79,"offplan_10y":0,"financed_10y":52},"geometry":{"type":"Polygon","coordinates":[[[55.3605,25.2782],[55.378,25.2679],[55.3738,25.2621],[55.3649,25.2672],[55.3557,25.2685],[55.349,25.2749],[55.3557,25.281],[55.3605,25.2782]]]}},{"type":"Feature","id":612,"properties":{"id":"612","name":"Ras Al Khor Industrial First","official":"RAS AL KHOR IND. FIRST","psf_12m":2350,"growth_12m":5.9,"sales_12m":604,"offplan_12m":99,"financed_12m":1,"psf_3y":2180,"growth_3y":624.5,"sales_3y":3677,"offplan_3y":99,"financed_3y":0,"psf_5y":2180,"growth_5y":54.2,"sales_5y":3682,"offplan_5y":99,"financed_5y":0,"psf_10y":2180,"growth_10y":738.4,"sales_10y":3699,"offplan_10y":99,"financed_10y":1},"geometry":{"type":"Polygon","coordinates":[[[55.3459,25.1693],[55.3325,25.1696],[55.3326,25.1755],[55.3295,25.18],[55.3294,25.1849],[55.3465,25.1854],[55.3459,25.1693]]]}},{"type":"Feature","id":945,"properties":{"id":"945","name":"Al Fagaa","official":"AL FAGAA","psf_12m":null,"growth_12m":null,"sales_12m":null,"offplan_12m":null,"financed_12m":null,"psf_3y":null,"growth_3y":null,"sales_3y":1,"offplan_3y":null,"financed_3y":null,"psf_5y":null,"growth_5y":null,"sales_5y":1,"offplan_5y":null,"financed_5y":null,"psf_10y":null,"growth_10y":null,"sales_10y":1,"offplan_10y":null,"financed_10y":null},"geometry":{"type":"Polygon","coordinates":[[[55.6018,24.7717],[55.6198,24.7285],[55.6217,24.7198],[55.5958,24.712],[55.5529,24.6661],[55.5234,24.6506],[55.4966,24.6467],[55.4633,24.6918],[55.532,24.6917],[55.5321,24.7545],[55.5194,24.7718],[55.4902,24.7717],[55.573,24.8313],[55.5942,24.79],[55.6018,24.7717]]]}},{"type":"Feature","id":252,"properties":{"id":"252","name":"Mushraif","official":"MUSHRAIF","psf_12m":null,"growth_12m":null,"sales_12m":null,"offplan_12m":null,"financed_12m":null,"psf_3y":null,"growth_3y":null,"sales_3y":1,"offplan_3y":null,"financed_3y":null,"psf_5y":null,"growth_5y":null,"sales_5y":1,"offplan_5y":null,"financed_5y":null,"psf_10y":null,"growth_10y":null,"sales_10y":1,"offplan_10y":null,"financed_10y":null},"geometry":{"type":"Polygon","coordinates":[[[55.4625,25.2167],[55.4604,25.2054],[55.4609,25.2031],[55.4645,25.1967],[55.4645,25.1898],[55.455,25.1912],[55.4499,25.193],[55.4454,25.196],[55.4384,25.2034],[55.4344,25.2054],[55.4282,25.207],[55.4279,25.2076],[55.4311,25.217],[55.4372,25.214],[55.4384,25.2159],[55.442,25.2223],[55.4424,25.2321],[55.4649,25.2286],[55.4625,25.2167]]]}},{"type":"Feature","id":841,"properties":{"id":"841","name":"Margham","official":"MARGHAM","psf_12m":null,"growth_12m":null,"sales_12m":null,"offplan_12m":null,"financed_12m":null,"psf_3y":null,"growth_3y":null,"sales_3y":null,"offplan_3y":null,"financed_3y":null,"psf_5y":null,"growth_5y":null,"sales_5y":null,"offplan_5y":null,"financed_5y":null,"psf_10y":null,"growth_10y":null,"sales_10y":null,"offplan_10y":null,"financed_10y":null},"geometry":{"type":"Polygon","coordinates":[[[55.6397,25.0108],[55.6547,25.0027],[55.6538,25],[55.6538,24.9979],[55.6589,24.9881],[55.6608,24.9817],[55.661,24.979],[55.6514,24.9443],[55.6462,24.9371],[55.6286,24.9055],[55.6268,24.9036],[55.6084,24.891],[55.602,24.889],[55.5823,24.8789],[55.5711,24.8761],[55.558,24.876],[55.5531,24.8778],[55.55,24.8768],[55.5311,24.9067],[55.5153,24.9339],[55.4942,24.9648],[55.5069,24.966],[55.5356,24.9661],[55.5805,24.9881],[55.6181,25.0231],[55.6397,25.0108]]]}},{"type":"Feature","id":731,"properties":{"id":"731","name":"Lehbab First","official":"LEHBAB FIRST","psf_12m":null,"growth_12m":null,"sales_12m":1,"offplan_12m":null,"financed_12m":null,"psf_3y":null,"growth_3y":null,"sales_3y":12,"offplan_3y":null,"financed_3y":null,"psf_5y":null,"growth_5y":null,"sales_5y":14,"offplan_5y":null,"financed_5y":null,"psf_10y":null,"growth_10y":null,"sales_10y":19,"offplan_10y":null,"financed_10y":null},"geometry":{"type":"Polygon","coordinates":[[[55.6145,25.0251],[55.6039,25.0309],[55.5918,25.0364],[55.5882,25.0406],[55.586,25.0445],[55.5823,25.0567],[55.5804,25.0597],[55.5644,25.0722],[55.5695,25.0775],[55.6123,25.0844],[55.6112,25.0903],[55.6283,25.0951],[55.63,25.0777],[55.6321,25.0761],[55.6393,25.0401],[55.6366,25.0369],[55.618,25.0231],[55.6145,25.0251]]]}},{"type":"Feature","id":126,"properties":{"id":"126","name":"Abu Hail","official":"ABU HAIL","psf_12m":612,"growth_12m":12.1,"sales_12m":63,"offplan_12m":0,"financed_12m":8,"psf_3y":574,"growth_3y":-0.7,"sales_3y":154,"offplan_3y":0,"financed_3y":6,"psf_5y":580,"growth_5y":3.1,"sales_5y":222,"offplan_5y":0,"financed_5y":8,"psf_10y":579,"growth_10y":5.3,"sales_10y":292,"offplan_10y":0,"financed_10y":10},"geometry":{"type":"Polygon","coordinates":[[[55.3367,25.2852],[55.3386,25.2838],[55.3271,25.2787],[55.3222,25.2878],[55.3276,25.2926],[55.3367,25.2852]]]}},{"type":"Feature","id":245,"properties":{"id":"245","name":"Muhaisanah Fourth","official":"MUHAISANAH FOURTH","psf_12m":null,"growth_12m":-11.6,"sales_12m":5,"offplan_12m":null,"financed_12m":null,"psf_3y":null,"growth_3y":321.8,"sales_3y":12,"offplan_3y":null,"financed_3y":null,"psf_5y":null,"growth_5y":-7.1,"sales_5y":16,"offplan_5y":null,"financed_5y":null,"psf_10y":1345,"growth_10y":92.1,"sales_10y":24,"offplan_10y":0,"financed_10y":213},"geometry":{"type":"Polygon","coordinates":[[[55.4131,25.2815],[55.4223,25.2785],[55.4152,25.2701],[55.3967,25.2808],[55.3983,25.2847],[55.4009,25.2885],[55.4131,25.2815]]]}},{"type":"Feature","id":316,"properties":{"id":"316","name":"Al Raffa","official":"AL RAFFA","psf_12m":null,"growth_12m":-4.2,"sales_12m":9,"offplan_12m":null,"financed_12m":null,"psf_3y":1442,"growth_3y":25.6,"sales_3y":36,"offplan_3y":0,"financed_3y":89,"psf_5y":1296,"growth_5y":-8.8,"sales_5y":72,"offplan_5y":0,"financed_5y":76,"psf_10y":1296,"growth_10y":4.3,"sales_10y":113,"offplan_10y":0,"financed_10y":129},"geometry":{"type":"Polygon","coordinates":[[[55.2905,25.2594],[55.2946,25.2597],[55.2975,25.2583],[55.2849,25.2466],[55.2804,25.2499],[55.2848,25.2561],[55.2851,25.2578],[55.2843,25.2608],[55.2881,25.2594],[55.2905,25.2594]]]}},{"type":"Feature","id":326,"properties":{"id":"326","name":"Al Jaddaf","official":"AL JADAF","psf_12m":2033,"growth_12m":18.9,"sales_12m":2951,"offplan_12m":80,"financed_12m":12,"psf_3y":1852,"growth_3y":82.1,"sales_3y":6866,"offplan_3y":74,"financed_3y":15,"psf_5y":1737,"growth_5y":57.9,"sales_5y":8775,"offplan_5y":71,"financed_5y":15,"psf_10y":1614,"growth_10y":7.6,"sales_10y":10828,"offplan_10y":70,"financed_10y":19},"geometry":{"type":"Polygon","coordinates":[[[55.3362,25.2107],[55.3353,25.2079],[55.336,25.2073],[55.3357,25.2062],[55.3307,25.2039],[55.3146,25.2038],[55.3092,25.1963],[55.3092,25.2001],[55.3124,25.2053],[55.3164,25.2287],[55.3222,25.226],[55.3273,25.2257],[55.3306,25.2269],[55.3366,25.2316],[55.3374,25.2311],[55.3383,25.2319],[55.344,25.2278],[55.3448,25.227],[55.3456,25.2212],[55.3434,25.218],[55.3375,25.2131],[55.3362,25.2107]]]}},{"type":"Feature","id":368,"properties":{"id":"368","name":"Al Qouz Industrial Third","official":"AL QOUZ IND.THIRD","psf_12m":null,"growth_12m":null,"sales_12m":null,"offplan_12m":null,"financed_12m":null,"psf_3y":null,"growth_3y":21.7,"sales_3y":4,"offplan_3y":null,"financed_3y":null,"psf_5y":null,"growth_5y":21.6,"sales_5y":6,"offplan_5y":null,"financed_5y":null,"psf_10y":411,"growth_10y":1.5,"sales_10y":22,"offplan_10y":0,"financed_10y":150},"geometry":{"type":"Polygon","coordinates":[[[55.2204,25.138],[55.2325,25.13],[55.2182,25.1122],[55.202,25.1231],[55.2115,25.1302],[55.2179,25.1397],[55.2204,25.138]]]}},{"type":"Feature","id":971,"properties":{"id":"971","name":"Saih Al Dahal","official":"SAIH AL DAHAL","psf_12m":null,"growth_12m":null,"sales_12m":null,"offplan_12m":null,"financed_12m":null,"psf_3y":null,"growth_3y":null,"sales_3y":1,"offplan_3y":null,"financed_3y":null,"psf_5y":null,"growth_5y":null,"sales_5y":1,"offplan_5y":null,"financed_5y":null,"psf_10y":null,"growth_10y":null,"sales_10y":13,"offplan_10y":null,"financed_10y":null},"geometry":{"type":"Polygon","coordinates":[[[55.3828,24.8006],[55.4095,24.7645],[55.4366,24.7699],[55.4616,24.7716],[55.5194,24.7718],[55.5321,24.7545],[55.532,24.6917],[55.4012,24.6918],[55.4012,24.7223],[55.3356,24.7058],[55.3077,24.7058],[55.3037,24.7176],[55.2935,24.7302],[55.2935,24.7578],[55.3532,24.7742],[55.3828,24.8006]]]}},{"type":"Feature","id":727,"properties":{"id":"727","name":"Al Wohoosh","official":"AL WOHOOSH","psf_12m":null,"growth_12m":null,"sales_12m":null,"offplan_12m":null,"financed_12m":null,"psf_3y":null,"growth_3y":null,"sales_3y":null,"offplan_3y":null,"financed_3y":null,"psf_5y":null,"growth_5y":null,"sales_5y":null,"offplan_5y":null,"financed_5y":null,"psf_10y":null,"growth_10y":null,"sales_10y":null,"offplan_10y":null,"financed_10y":null},"geometry":{"type":"Polygon","coordinates":[[[55.6112,25.0903],[55.6014,25.1428],[55.6146,25.1431],[55.6133,25.1513],[55.6417,25.1515],[55.6525,25.0998],[55.6483,25.0983],[55.6262,25.0947],[55.6112,25.0903]]]}},{"type":"Feature","id":724,"properties":{"id":"724","name":"Enkhali","official":"ENKHALI","psf_12m":null,"growth_12m":null,"sales_12m":null,"offplan_12m":null,"financed_12m":null,"psf_3y":null,"growth_3y":null,"sales_3y":null,"offplan_3y":null,"financed_3y":null,"psf_5y":null,"growth_5y":null,"sales_5y":null,"offplan_5y":null,"financed_5y":null,"psf_10y":null,"growth_10y":null,"sales_10y":null,"offplan_10y":null,"financed_10y":null},"geometry":{"type":"Polygon","coordinates":[[[55.5695,25.0775],[55.5644,25.0722],[55.5648,25.0719],[55.5521,25.082],[55.5485,25.0859],[55.5325,25.1189],[55.5305,25.1262],[55.5283,25.1422],[55.6014,25.1428],[55.6123,25.0844],[55.5695,25.0775]]]}},{"type":"Feature","id":643,"properties":{"id":"643","name":"Wadi Al Safa 2","official":"WADI AL SAFA 2","psf_12m":1392,"growth_12m":22.8,"sales_12m":1776,"offplan_12m":67,"financed_12m":19,"psf_3y":1092,"growth_3y":122.6,"sales_3y":5767,"offplan_3y":50,"financed_3y":15,"psf_5y":1050,"growth_5y":85.2,"sales_5y":6482,"offplan_5y":47,"financed_5y":16,"psf_10y":836,"growth_10y":20.9,"sales_10y":9263,"offplan_10y":47,"financed_10y":20},"geometry":{"type":"Polygon","coordinates":[[[55.3656,25.1192],[55.3789,25.1034],[55.3374,25.0795],[55.3332,25.0844],[55.3339,25.0892],[55.3309,25.0979],[55.3456,25.1102],[55.3649,25.1199],[55.3656,25.1192]]]}},{"type":"Feature","id":617,"properties":{"id":"617","name":"Nadd Al Shiba Fourth","official":"NADD AL SHIBA FOURTH","psf_12m":null,"growth_12m":-9.3,"sales_12m":5,"offplan_12m":null,"financed_12m":null,"psf_3y":null,"growth_3y":106.3,"sales_3y":11,"offplan_3y":null,"financed_3y":null,"psf_5y":414,"growth_5y":72.5,"sales_5y":28,"offplan_5y":0,"financed_5y":1039,"psf_10y":387,"growth_10y":111.8,"sales_10y":43,"offplan_10y":0,"financed_10y":1742},"geometry":{"type":"Polygon","coordinates":[[[55.37,25.1433],[55.382,25.1387],[55.379,25.1334],[55.3756,25.1289],[55.3711,25.1245],[55.3649,25.1199],[55.3464,25.142],[55.3615,25.1514],[55.3668,25.1454],[55.37,25.1433]]]}},{"type":"Feature","id":112,"properties":{"id":"112","name":"Al Ras","official":"AL RAS","psf_12m":null,"growth_12m":-26.8,"sales_12m":11,"offplan_12m":null,"financed_12m":null,"psf_3y":3763,"growth_3y":-14.4,"sales_3y":26,"offplan_3y":0,"financed_3y":27,"psf_5y":4007,"growth_5y":-13.7,"sales_5y":39,"offplan_5y":0,"financed_5y":28,"psf_10y":4073,"growth_10y":-34.9,"sales_10y":57,"offplan_10y":0,"financed_10y":74},"geometry":{"type":"Polygon","coordinates":[[[55.2975,25.2682],[55.2986,25.2669],[55.295,25.2658],[55.2933,25.2659],[55.2921,25.2672],[55.2926,25.2685],[55.2952,25.2707],[55.2958,25.273],[55.2974,25.2736],[55.2983,25.2724],[55.2977,25.2715],[55.299,25.2703],[55.2973,25.2692],[55.2975,25.2682]]]}},{"type":"Feature","id":265,"properties":{"id":"265","name":"Al Mizhar Fourth","official":"AL MIZHAR FOURTH","psf_12m":null,"growth_12m":-13.6,"sales_12m":1,"offplan_12m":null,"financed_12m":null,"psf_3y":null,"growth_3y":-26.4,"sales_3y":10,"offplan_3y":null,"financed_3y":null,"psf_5y":null,"growth_5y":-14.7,"sales_5y":13,"offplan_5y":null,"financed_5y":null,"psf_10y":null,"growth_10y":null,"sales_10y":18,"offplan_10y":null,"financed_10y":null},"geometry":{"type":"Polygon","coordinates":[[[55.4603,25.2724],[55.4576,25.2666],[55.4559,25.2576],[55.4406,25.2582],[55.4361,25.2564],[55.4298,25.2553],[55.4299,25.2581],[55.431,25.2609],[55.4372,25.2679],[55.4393,25.2715],[55.4451,25.2702],[55.4573,25.2728],[55.4603,25.2724]]]}},{"type":"Feature","id":302,"properties":{"id":"302","name":"Jumeira Bay","official":"JUMEIRA BAY","psf_12m":9233,"growth_12m":2.9,"sales_12m":22,"offplan_12m":9,"financed_12m":118,"psf_3y":9127,"growth_3y":119.7,"sales_3y":122,"offplan_3y":10,"financed_3y":70,"psf_5y":7137,"growth_5y":137.9,"sales_5y":283,"offplan_5y":17,"financed_5y":47,"psf_10y":3427,"growth_10y":139.8,"sales_10y":692,"offplan_10y":34,"financed_10y":26},"geometry":{"type":"Polygon","coordinates":[[[55.2332,25.2072],[55.2268,25.2116],[55.2224,25.2177],[55.2249,25.2217],[55.2287,25.2241],[55.2346,25.2233],[55.2362,25.2224],[55.2389,25.2165],[55.2416,25.2138],[55.2413,25.2104],[55.2392,25.2078],[55.2389,25.2055],[55.2389,25.2075],[55.2359,25.2054],[55.2332,25.2072]]]}},{"type":"Feature","id":393,"properties":{"id":"393","name":"Jumeirah Lake Towers","official":"AL THANYAH FIFTH","psf_12m":2152,"growth_12m":11.1,"sales_12m":4016,"offplan_12m":50,"financed_12m":35,"psf_3y":1743,"growth_3y":75.8,"sales_3y":15342,"offplan_3y":47,"financed_3y":28,"psf_5y":1460,"growth_5y":57.9,"sales_5y":23494,"offplan_5y":42,"financed_5y":27,"psf_10y":1198,"growth_10y":50.1,"sales_10y":32574,"offplan_10y":37,"financed_10y":33},"geometry":{"type":"Polygon","coordinates":[[[55.1583,25.0776],[55.1508,25.0751],[55.1464,25.0708],[55.1654,25.0556],[55.1715,25.0515],[55.1722,25.0494],[55.172,25.0474],[55.1696,25.0439],[55.176,25.0391],[55.1686,25.0307],[55.1451,25.0497],[55.1382,25.0589],[55.1327,25.0647],[55.1438,25.0771],[55.1521,25.0843],[55.1538,25.0829],[55.1558,25.0835],[55.1559,25.0828],[55.1549,25.0818],[55.1583,25.0776]]]}},{"type":"Feature","id":673,"properties":{"id":"673","name":"Al Barsha South Third","official":"AL BARSHA SOUTH THIRD","psf_12m":1554,"growth_12m":15.2,"sales_12m":4084,"offplan_12m":63,"financed_12m":26,"psf_3y":1373,"growth_3y":24.3,"sales_3y":12830,"offplan_3y":69,"financed_3y":17,"psf_5y":1296,"growth_5y":28.6,"sales_5y":18785,"offplan_5y":70,"financed_5y":13,"psf_10y":1229,"growth_10y":23.3,"sales_10y":22913,"offplan_10y":70,"financed_10y":12},"geometry":{"type":"Polygon","coordinates":[[[55.2497,25.0664],[55.2494,25.056],[55.2317,25.054],[55.2235,25.0519],[55.221,25.0617],[55.2283,25.0634],[55.2329,25.0677],[55.2342,25.0683],[55.2498,25.0683],[55.2497,25.0664]]]}}]}